,Gender,Career Stage,University,dept_head_gender,private_public
1,f,assistant professor,arizona state,f,public
2,f,assistant professor,arizona state,f,public
3,f,assistant professor,arizona state,f,public
4,f,assistant professor,arizona state,f,public
5,m,assistant professor,arizona state,f,public
6,m,assistant professor,arizona state,f,public
7,m,assistant professor,arizona state,f,public
8,m,assistant professor,arizona state,f,public
9,f,assistant professor,arizona state,f,public
10,m,assistant professor,arizona state,f,public
11,f,assistant professor,arizona state,f,public
12,m,assistant professor,arizona state,f,public
13,m,associate professor,arizona state,f,public
14,f,associate professor,arizona state,f,public
15,m,associate professor,arizona state,f,public
16,f,associate professor,arizona state,f,public
17,m,associate professor,arizona state,f,public
18,f,associate professor,arizona state,f,public
19,f,associate professor,arizona state,f,public
20,f,associate professor,arizona state,f,public
21,f,associate professor,arizona state,f,public
22,m,associate professor,arizona state,f,public
23,m,professor,arizona state,f,public
24,m,professor,arizona state,f,public
25,m,professor,arizona state,f,public
26,m,professor,arizona state,f,public
27,m,professor,arizona state,f,public
28,m,professor,arizona state,f,public
29,m,professor,arizona state,f,public
30,m,professor,arizona state,f,public
31,m,professor,arizona state,f,public
32,f,professor,arizona state,f,public
33,m,professor,arizona state,f,public
34,m,professor,arizona state,f,public
35,f,professor,arizona state,f,public
36,m,professor,arizona state,f,public
37,m,professor,arizona state,f,public
38,m,professor,arizona state,f,public
39,m,professor,arizona state,f,public
40,m,professor,arizona state,f,public
41,m,professor,arizona state,f,public
42,m,professor,arizona state,f,public
43,m,professor,arizona state,f,public
44,m,professor,arizona state,f,public
45,m,professor,arizona state,f,public
46,m,professor,arizona state,f,public
47,m,professor,arizona state,f,public
48,m,professor,arizona state,f,public
49,m,professor,arizona state,f,public
50,m,professor,arizona state,f,public
51,f,professor,arizona state,f,public
52,m,professor,arizona state,f,public
53,m,professor,arizona state,f,public
54,m,professor,arizona state,f,public
55,f,professor,berkeley,m,public
56,m,professor,berkeley,m,public
57,m,professor,berkeley,m,public
58,f,assistant professor,berkeley,m,public
59,f,assistant professor,berkeley,m,public
60,m,assistant professor,berkeley,m,public
61,m,associate professor,berkeley,m,public
62,m,associate professor,berkeley,m,public
63,m,professor,berkeley,m,public
64,m,professor,berkeley,m,public
65,f,professor,berkeley,m,public
66,m,professor,berkeley,m,public
67,f,professor,berkeley,m,public
68,m,professor,berkeley,m,public
69,m,professor,berkeley,m,public
70,m,professor,berkeley,m,public
71,m,professor,berkeley,m,public
72,m,professor,berkeley,m,public
73,m,professor,berkeley,m,public
74,m,professor,berkeley,m,public
75,f,professor,berkeley,m,public
76,m,professor,berkeley,m,public
77,m,professor,berkeley,m,public
78,f,professor,berkeley,m,public
79,m,professor,berkeley,m,public
80,m,professor,berkeley,m,public
81,m,professor,berkeley,m,public
82,m,professor,berkeley,m,public
83,f,professor,brown,m,private
84,f,professor,brown,m,private
85,m,assistant professor,brown,m,private
86,m,associate professor,brown,m,private
87,f,associate professor,brown,m,private
88,m,associate professor,brown,m,private
89,m,associate professor,brown,m,private
90,m,associate professor,brown,m,private
91,f,associate professor,brown,m,private
92,m,professor,brown,m,private
93,m,professor,brown,m,private
94,m,professor,brown,m,private
95,f,professor,brown,m,private
96,m,professor,brown,m,private
97,m,professor,brown,m,private
98,m,professor,brown,m,private
99,m,professor,brown,m,private
100,m,professor,brown,m,private
101,m,professor,brown,m,private
102,m,professor,brown,m,private
103,f,professor,brown,m,private
104,f,assistant professor,caltech ,m,
105,m,assistant professor,caltech ,m,
106,f,assistant professor,caltech ,m,
107,m,assistant professor,caltech ,m,
108,m,assistant professor,caltech ,m,
109,m,assistant professor,caltech ,m,
110,m,professor,caltech ,m,
111,m,professor,caltech ,m,
112,m,professor,caltech ,m,
113,m,professor,caltech ,m,
114,m,professor,caltech ,m,
115,f,professor,caltech ,m,
116,m,professor,caltech ,m,
117,m,professor,caltech ,m,
118,f,professor,caltech ,m,
119,m,professor,caltech ,m,
120,m,professor,caltech ,m,
121,m,professor,caltech ,m,
122,m,professor,caltech ,m,
123,m,professor,caltech ,m,
124,m,professor,caltech ,m,
125,m,professor,caltech ,m,
126,m,professor,caltech ,m,
127,f,professor,caltech ,m,
128,m,professor,caltech ,m,
129,f,professor,caltech ,m,
130,m,professor,caltech ,m,
131,m,professor,caltech ,m,
132,f,professor,caltech ,m,
133,m,professor,caltech ,m,
134,f,professor,caltech ,m,
135,f,professor,caltech ,m,
136,m,professor,caltech ,m,
137,m,professor,caltech ,m,
138,m,professor,caltech ,m,
139,m,professor,caltech ,m,
140,m,professor,caltech ,m,
141,f,professor,caltech ,m,
142,m,professor,caltech ,m,
143,m,professor,caltech ,m,
144,m,professor,caltech ,m,
145,m,professor,caltech ,m,
146,m,professor,caltech ,m,
147,m,professor,caltech ,m,
148,m,assistant professor,co mines,f,private
149,f,assistant professor,co mines,f,private
150,m,assistant professor,co mines,f,private
151,f,assistant professor,co mines,f,private
152,m,assistant professor,co mines,f,private
153,f,associate professor,co mines,f,private
154,f,associate professor,co mines,f,private
155,m,associate professor,co mines,f,private
156,f,associate professor,co mines,f,private
157,f,professor,co mines,f,private
158,m,professor,co mines,f,private
159,m,professor,co mines,f,private
160,f,professor,co mines,f,private
161,m,professor,co mines,f,private
162,m,professor,co mines,f,private
163,f,professor,co mines,f,private
164,m,professor,co mines,f,private
165,f,professor,co mines,f,private
166,m,professor,co mines,f,private
167,f,professor,co mines,f,private
168,f,assistant professor,co mines,f,private
169,m,assistant professor,co mines,f,private
170,m,assistant professor,co mines,f,private
171,m,associate professor,co mines,f,private
172,m,associate professor,co mines,f,private
173,m,associate professor,co mines,f,private
174,m,professor,co mines,f,private
175,m,professor,co mines,f,private
176,m,professor,co mines,f,private
177,f,professor,co mines,f,private
178,m,professor,co mines,f,private
179,m,professor,co mines,f,private
180,m,professor,co mines,f,private
181,m,professor,colorado state university,m,public
182,f,assistant professor,colorado state university,m,public
183,f,assistant professor,colorado state university,m,public
184,f,associate professor,colorado state university,m,public
185,m,associate professor,colorado state university,m,public
186,f,associate professor,colorado state university,m,public
187,f,associate professor,colorado state university,m,public
188,m,associate professor,colorado state university,m,public
189,m,associate professor,colorado state university,m,public
190,m,professor,colorado state university,m,public
191,m,professor,colorado state university,m,public
192,m,professor,colorado state university,m,public
193,f,professor,colorado state university,m,public
194,m,professor,colorado state university,m,public
195,m,professor,colorado state university,m,public
196,m,professor,colorado state university,m,public
197,m,professor,colorado state university,m,public
198,m,professor,colorado state university,m,public
199,f,professor,colorado state university,m,public
200,m,professor,colorado state university,m,public
201,m,assistant professor,colorado state university,m,public
202,m,assistant professor,colorado state university,m,public
203,m,assistant professor,colorado state university,m,public
204,m,assistant professor,colorado state university,m,public
205,f,assistant professor,colorado state university,m,public
206,m,associate professor,colorado state university,m,public
207,m,associate professor,colorado state university,m,public
208,m,associate professor,colorado state university,m,public
209,m,associate professor,colorado state university,m,public
210,m,associate professor,colorado state university,m,public
211,f,associate professor,colorado state university,m,public
212,m,professor,colorado state university,m,public
213,m,professor,colorado state university,m,public
214,f,professor,colorado state university,m,public
215,m,professor,colorado state university,m,public
216,f,professor,colorado state university,m,public
217,f,professor,colorado state university,m,public
218,m,professor,columbia,m,private
219,m,professor,columbia,m,private
220,m,professor,columbia,m,private
221,m,professor,columbia,m,private
222,f,assistant professor,columbia,m,private
223,f,assistant professor,columbia,m,private
224,m,assistant professor,columbia,m,private
225,m,assistant professor,columbia,m,private
226,m,associate professor,columbia,m,private
227,m,associate professor,columbia,m,private
228,m,associate professor,columbia,m,private
229,f,associate professor,columbia,m,private
230,m,professor,columbia,m,private
231,m,professor,columbia,m,private
232,m,professor,columbia,m,private
233,m,professor,columbia,m,private
234,f,professor,columbia,m,private
235,m,professor,columbia,m,private
236,m,professor,columbia,m,private
237,f,professor,columbia,m,private
238,m,professor,columbia,m,private
239,m,professor,columbia,m,private
240,m,professor,columbia,m,private
241,m,professor,columbia,m,private
242,f,professor,columbia,m,private
243,f,professor,columbia,m,private
244,m,professor,columbia,m,private
245,f,professor,columbia,m,private
246,f,professor,columbia,m,private
247,m,professor,columbia,m,private
248,m,professor,columbia,m,private
249,f,professor,columbia,m,private
250,f,professor,columbia,m,private
251,m,professor,columbia,m,private
252,f,professor,columbia,m,private
253,f,professor,columbia,m,private
255,m,assistant professor,cornell,m,private
256,m,assistant professor,cornell,m,private
257,f,assistant professor,cornell,m,private
258,m,assistant professor,cornell,m,private
259,f,assistant professor,cornell,m,private
260,m,associate professor,cornell,m,private
261,m,associate professor,cornell,m,private
262,f,associate professor,cornell,m,private
263,f,associate professor,cornell,m,private
264,m,professor,cornell,m,private
265,m,professor,cornell,m,private
266,m,professor,cornell,m,private
267,m,professor,cornell,m,private
268,m,professor,cornell,m,private
269,m,professor,cornell,m,private
270,m,professor,cornell,m,private
271,f,professor,cornell,m,private
272,f,professor,cornell,m,private
273,f,professor,cornell,m,private
274,m,professor,cornell,m,private
275,f,professor,cornell,m,private
276,f,professor,cornell,m,private
277,f,assistant professor,cu boulder,m,public
278,f,assistant professor,cu boulder,m,public
279,m,assistant professor,cu boulder,m,public
280,f,assistant professor,cu boulder,m,public
281,m,assistant professor,cu boulder,m,public
282,m,assistant professor,cu boulder,m,public
283,m,associate professor,cu boulder,m,public
284,m,associate professor,cu boulder,m,public
285,f,associate professor,cu boulder,m,public
286,m,associate professor,cu boulder,m,public
287,f,associate professor,cu boulder,m,public
288,f,associate professor,cu boulder,m,public
289,f,associate professor,cu boulder,m,public
290,m,associate professor,cu boulder,m,public
291,f,professor,cu boulder,m,public
292,m,professor,cu boulder,m,public
293,f,professor,cu boulder,m,public
294,m,professor,cu boulder,m,public
295,m,professor,cu boulder,m,public
296,m,professor,cu boulder,m,public
297,m,professor,cu boulder,m,public
298,f,assistant professor,cu boulder,m,public
299,f,assistant professor,cu boulder,m,public
300,f,assistant professor,cu boulder,m,public
301,m,assistant professor,cu boulder,m,public
302,m,assistant professor,cu boulder,m,public
303,m,assistant professor,cu boulder,m,public
304,m,assistant professor,cu boulder,m,public
305,f,assistant professor,cu boulder,m,public
306,m,assistant professor,cu boulder,m,public
307,m,assistant professor,cu boulder,m,public
308,m,associate professor,cu boulder,m,public
309,f,associate professor,cu boulder,m,public
310,m,associate professor,cu boulder,m,public
311,m,professor,cu boulder,m,public
312,f,professor,cu boulder,m,public
313,m,professor,cu boulder,m,public
314,f,professor,cu boulder,m,public
315,f,professor,cu boulder,m,public
316,m,professor,cu boulder,m,public
317,f,professor,cu boulder,m,public
318,f,professor,cu boulder,m,public
319,m,professor,cu boulder,m,public
320,m,professor,cu boulder,m,public
321,m,professor,cu boulder,m,public
322,f,professor,cu boulder,m,public
323,m,professor,cu boulder,m,public
324,m,professor,cu boulder,m,public
325,m,professor,cu boulder,m,public
326,m,professor,cu boulder,m,public
327,m,professor,cu boulder,m,public
328,f,professor,cu boulder,m,public
329,m,professor,cu boulder,m,public
330,m,professor,cu boulder,m,public
331,f,professor,cu boulder,m,public
332,f,professor,cu boulder,m,public
333,m,professor,cu boulder,m,public
334,m,professor,cu boulder,m,public
335,m,professor,cu boulder,m,public
336,f,assistant professor,florida state,m,public
337,m,assistant professor,florida state,m,public
338,m,assistant professor,florida state,m,public
339,f,assistant professor,florida state,m,public
340,f,assistant professor,florida state,m,public
341,m,assistant professor,florida state,m,public
342,m,associate professor,florida state,m,public
343,f,associate professor,florida state,m,public
344,f,associate professor,florida state,m,public
345,m,associate professor,florida state,m,public
346,f,associate professor,florida state,m,public
347,f,associate professor,florida state,m,public
348,m,associate professor,florida state,m,public
349,m,associate professor,florida state,m,public
350,m,associate professor,florida state,m,public
351,m,associate professor,florida state,m,public
352,m,associate professor,florida state,m,public
353,m,associate professor,florida state,m,public
354,m,professor,florida state,m,public
355,m,professor,florida state,m,public
356,m,professor,florida state,m,public
357,m,professor,florida state,m,public
358,m,professor,florida state,m,public
359,m,professor,florida state,m,public
360,m,professor,florida state,m,public
361,m,professor,florida state,m,public
362,m,professor,florida state,m,public
363,m,professor,florida state,m,public
364,m,professor,florida state,m,public
365,m,professor,florida state,m,public
366,m,professor,florida state,m,public
367,f,professor,florida state,m,public
368,m,professor,florida state,m,public
369,m,professor,florida state,m,public
370,m,professor,florida state,m,public
371,f,professor,florida state,m,public
372,m,professor,florida state,m,public
375,f,assistant professor,georgia tech,m,public
376,m,assistant professor,georgia tech,m,public
377,f,assistant professor,georgia tech,m,public
378,m,assistant professor,georgia tech,m,public
379,m,assistant professor,georgia tech,m,public
380,f,assistant professor,georgia tech,m,public
381,m,assistant professor,georgia tech,m,public
382,m,assistant professor,georgia tech,m,public
383,f,assistant professor,georgia tech,m,public
384,m,assistant professor,georgia tech,m,public
385,f,associate professor,georgia tech,m,public
386,m,associate professor,georgia tech,m,public
387,m,associate professor,georgia tech,m,public
388,f,associate professor,georgia tech,m,public
389,m,associate professor,georgia tech,m,public
390,f,associate professor,georgia tech,m,public
391,m,associate professor,georgia tech,m,public
392,f,professor,georgia tech,m,public
393,m,professor,georgia tech,m,public
394,f,professor,georgia tech,m,public
395,m,professor,georgia tech,m,public
396,m,professor,georgia tech,m,public
397,m,professor,georgia tech,m,public
398,m,professor,georgia tech,m,public
399,m,professor,georgia tech,m,public
400,f,professor,georgia tech,m,public
401,f,professor,georgia tech,m,public
402,m,professor,georgia tech,m,public
403,m,professor,georgia tech,m,public
404,f,professor,georgia tech,m,public
405,m,professor,georgia tech,m,public
406,m,professor,georgia tech,m,public
407,m,professor,georgia tech,m,public
408,f,assistant professor,harvard,f,private
409,f,assistant professor,harvard,f,private
410,m,assistant professor,harvard,f,private
411,f,assistant professor,harvard,f,private
412,m,assistant professor,harvard,f,private
413,m,professor,harvard,f,private
414,m,professor,harvard,f,private
415,m,professor,harvard,f,private
416,m,professor,harvard,f,private
417,f,professor,harvard,f,private
418,m,professor,harvard,f,private
419,m,professor,harvard,f,private
420,m,professor,harvard,f,private
421,m,professor,harvard,f,private
422,m,professor,harvard,f,private
423,m,professor,harvard,f,private
424,m,professor,harvard,f,private
425,m,professor,harvard,f,private
426,m,professor,harvard,f,private
427,f,professor,harvard,f,private
428,m,professor,harvard,f,private
429,m,professor,harvard,f,private
430,m,professor,harvard,f,private
431,m,professor,harvard,f,private
432,m,professor,harvard,f,private
433,m,assistant professor,indiana u,m,public
434,m,assistant professor,indiana u,m,public
435,m,assistant professor,indiana u,m,public
436,f,assistant professor,indiana u,m,public
437,m,associate professor,indiana u,m,public
438,m,associate professor,indiana u,m,public
439,m,associate professor,indiana u,m,public
440,m,associate professor,indiana u,m,public
441,m,professor,indiana u,m,public
442,m,professor,indiana u,m,public
443,f,professor,indiana u,m,public
444,m,professor,indiana u,m,public
445,m,professor,indiana u,m,public
446,m,professor,indiana u,m,public
447,m,professor,indiana u,m,public
448,f,assistant professor,johns hopkins,m,private
449,f,assistant professor,johns hopkins,m,private
450,f,assistant professor,johns hopkins,m,private
451,m,assistant professor,johns hopkins,m,private
452,f,assistant professor,johns hopkins,m,private
453,m,assistant professor,johns hopkins,m,private
454,f,assistant professor,johns hopkins,m,private
455,m,associate professor,johns hopkins,m,private
456,m,professor,johns hopkins,m,private
457,m,professor,johns hopkins,m,private
458,m,professor,johns hopkins,m,private
459,m,professor,johns hopkins,m,private
460,f,professor,johns hopkins,m,private
461,m,professor,johns hopkins,m,private
462,m,professor,johns hopkins,m,private
463,m,professor,johns hopkins,m,private
464,m,assistant professor,lsu,f,public
465,f,assistant professor,lsu,f,public
466,f,assistant professor,lsu,f,public
467,f,assistant professor,lsu,f,public
468,m,assistant professor,lsu,f,public
469,m,associate professor,lsu,f,public
470,m,associate professor,lsu,f,public
471,f,associate professor,lsu,f,public
472,m,associate professor,lsu,f,public
473,m,professor,lsu,f,public
474,m,professor,lsu,f,public
475,m,professor,lsu,f,public
476,m,professor,lsu,f,public
477,m,professor,lsu,f,public
478,f,professor,lsu,f,public
479,m,professor,lsu,f,public
480,m,professor,lsu,f,public
481,m,professor,lsu,f,public
482,m,professor,lsu,f,public
483,f,professor,lsu,f,public
484,f,professor,lsu,f,public
485,f,assistant professor,lsu,f,public
486,m,assistant professor,lsu,f,public
487,f,assistant professor,lsu,f,public
488,m,assistant professor,lsu,f,public
489,m,assistant professor,lsu,f,public
490,m,assistant professor,lsu,f,public
491,m,assistant professor,lsu,f,public
492,m,assistant professor,lsu,f,public
493,f,assistant professor,lsu,f,public
494,m,associate professor,lsu,f,public
495,m,associate professor,lsu,f,public
496,m,associate professor,lsu,f,public
497,m,associate professor,lsu,f,public
498,m,associate professor,lsu,f,public
499,m,associate professor,lsu,f,public
500,f,associate professor,lsu,f,public
501,m,associate professor,lsu,f,public
502,f,professor,lsu,f,public
503,m,professor,lsu,f,public
504,m,professor,lsu,f,public
505,m,professor,lsu,f,public
506,m,professor,lsu,f,public
507,m,professor,lsu,f,public
508,m,professor,lsu,f,public
509,m,professor,lsu,f,public
510,m,professor,lsu,f,public
511,f,professor,lsu,f,public
512,m,professor,lsu,f,public
513,m,professor,lsu,f,public
514,m,professor,lsu,f,public
515,f,professor,lsu,f,public
516,m,professor,lsu,f,public
517,m,assistant professor,mit,m,private
518,f,assistant professor,mit,m,private
519,f,assistant professor,mit,m,private
520,m,assistant professor,mit,m,private
521,m,assistant professor,mit,m,private
522,m,assistant professor,mit,m,private
523,m,assistant professor,mit,m,private
524,m,assistant professor,mit,m,private
525,f,associate professor,mit,m,private
526,m,associate professor,mit,m,private
527,m,associate professor,mit,m,private
528,m,associate professor,mit,m,private
529,m,associate professor,mit,m,private
530,m,associate professor,mit,m,private
531,m,professor,mit,m,private
532,m,professor,mit,m,private
533,m,professor,mit,m,private
534,m,professor,mit,m,private
535,m,professor,mit,m,private
536,m,professor,mit,m,private
537,m,professor,mit,m,private
538,m,professor,mit,m,private
539,m,professor,mit,m,private
540,m,professor,mit,m,private
541,m,professor,mit,m,private
542,m,professor,mit,m,private
543,m,professor,mit,m,private
544,f,professor,mit,m,private
545,m,professor,mit,m,private
546,f,professor,mit,m,private
547,f,professor,mit,m,private
548,f,professor,mit,m,private
549,m,professor,mit,m,private
550,m,professor,mit,m,private
551,m,professor,mit,m,private
552,m,professor,mit,m,private
553,f,professor,mit,m,private
554,f,assistant professor,nc state,m,public
555,m,assistant professor,nc state,m,public
556,m,assistant professor,nc state,m,public
557,f,assistant professor,nc state,m,public
558,m,assistant professor,nc state,m,public
559,f,assistant professor,nc state,m,public
560,m,associate professor,nc state,m,public
561,m,associate professor,nc state,m,public
562,m,associate professor,nc state,m,public
563,f,associate professor,nc state,m,public
564,m,associate professor,nc state,m,public
565,m,professor,nc state,m,public
566,m,professor,nc state,m,public
567,m,professor,nc state,m,public
568,m,professor,nc state,m,public
569,m,professor,nc state,m,public
570,m,professor,nc state,m,public
571,m,professor,nc state,m,public
572,f,professor,nc state,m,public
573,m,professor,nc state,m,public
574,m,professor,nc state,m,public
575,m,professor,nc state,m,public
576,m,professor,nc state,m,public
577,f,professor,nc state,m,public
578,m,professor,nc state,m,public
579,m,professor,nc state,m,public
580,m,professor,nc state,m,public
581,m,professor,nc state,m,public
582,m,professor,nc state,m,public
583,m,professor,nc state,m,public
584,f,professor,nc state,m,public
585,f,assistant professor,ohio state university,m,public
586,m,assistant professor,ohio state university,m,public
587,f,assistant professor,ohio state university,m,public
588,f,assistant professor,ohio state university,m,public
589,f,associate professor,ohio state university,m,public
590,m,associate professor,ohio state university,m,public
591,m,associate professor,ohio state university,m,public
592,m,associate professor,ohio state university,m,public
593,f,associate professor,ohio state university,m,public
594,m,associate professor,ohio state university,m,public
595,m,associate professor,ohio state university,m,public
596,m,associate professor,ohio state university,m,public
597,f,associate professor,ohio state university,m,public
598,m,professor,ohio state university,m,public
599,m,professor,ohio state university,m,public
600,m,professor,ohio state university,m,public
601,m,professor,ohio state university,m,public
602,f,professor,ohio state university,m,public
603,m,professor,ohio state university,m,public
604,m,professor,ohio state university,m,public
605,f,professor,ohio state university,m,public
606,m,professor,ohio state university,m,public
607,m,professor,ohio state university,m,public
608,m,professor,ohio state university,m,public
609,m,professor,ohio state university,m,public
610,f,professor,ohio state university,m,public
611,m,professor,ohio state university,m,public
612,m,professor,ohio state university,m,public
613,m,professor,ohio state university,m,public
614,f,assistant professor,ohio state university,m,public
615,f,assistant professor,ohio state university,m,public
616,f,assistant professor,ohio state university,m,public
617,m,associate professor,ohio state university,m,public
618,m,associate professor,ohio state university,m,public
619,m,associate professor,ohio state university,m,public
620,m,associate professor,ohio state university,m,public
621,m,associate professor,ohio state university,m,public
622,m,professor,ohio state university,m,public
623,m,professor,ohio state university,m,public
624,f,professor,ohio state university,m,public
625,m,professor,ohio state university,m,public
626,m,professor,ohio state university,m,public
627,m,professor,ohio state university,m,public
628,f,professor,ohio state university,m,public
629,m,professor,ohio state university,m,public
630,f,professor,ohio state university,m,public
631,m,professor,ohio state university,m,public
632,f,professor,ohio state university,m,public
633,f,professor,ohio state university,m,public
634,m,professor,ohio state university,m,public
635,m,professor,ohio state university,m,public
636,f,professor,ohio state university,m,public
637,m,professor,ohio state university,m,public
638,m,professor,ohio state university,m,public
640,m,assistant professor,oregon state,,public
641,m,assistant professor,oregon state,,public
642,f,assistant professor,oregon state,,public
643,f,assistant professor,oregon state,,public
644,f,assistant professor,oregon state,,public
645,m,assistant professor,oregon state,,public
646,m,assistant professor,oregon state,,public
647,m,assistant professor,oregon state,,public
648,f,assistant professor,oregon state,,public
649,m,assistant professor,oregon state,,public
650,m,assistant professor,oregon state,,public
651,m,assistant professor,oregon state,,public
652,f,assistant professor,oregon state,,public
653,m,assistant professor,oregon state,,public
654,m,assistant professor,oregon state,,public
655,m,assistant professor,oregon state,,public
662,f,associate professor,oregon state,,public
663,f,associate professor,oregon state,,public
664,f,associate professor,oregon state,,public
665,f,associate professor,oregon state,,public
666,m,associate professor,oregon state,,public
667,m,associate professor,oregon state,,public
668,m,associate professor,oregon state,,public
669,f,associate professor,oregon state,,public
670,f,associate professor,oregon state,,public
671,f,associate professor,oregon state,,public
672,f,associate professor,oregon state,,public
673,m,associate professor,oregon state,,public
674,m,associate professor,oregon state,,public
679,m,professor,oregon state,,public
680,m,professor,oregon state,,public
681,m,professor,oregon state,,public
682,m,professor,oregon state,,public
683,m,professor,oregon state,,public
684,m,professor,oregon state,,public
685,m,professor,oregon state,,public
686,m,professor,oregon state,,public
687,f,professor,oregon state,,public
688,m,professor,oregon state,,public
689,m,professor,oregon state,,public
690,m,professor,oregon state,,public
691,m,professor,oregon state,,public
692,m,professor,oregon state,,public
693,m,professor,oregon state,,public
694,m,professor,oregon state,,public
695,f,professor,oregon state,,public
696,m,professor,oregon state,,public
697,m,professor,oregon state,,public
698,m,professor,oregon state,,public
699,f,professor,oregon state,,public
700,m,professor,oregon state,,public
701,m,professor,oregon state,,public
702,m,professor,oregon state,,public
703,m,professor,oregon state,,public
704,m,professor,oregon state,,public
705,f,professor,oregon state,,public
706,m,professor,oregon state,,public
707,m,professor,oregon state,,public
708,m,professor,oregon state,,public
709,m,professor,oregon state,,public
710,m,professor,oregon state,,public
711,f,professor,oregon state,,public
712,m,professor,oregon state,,public
713,m,professor,oregon state,,public
714,m,professor,oregon state,,public
715,m,professor,oregon state,,public
716,m,professor,oregon state,,public
717,m,professor,oregon state,,public
718,m,professor,oregon state,,public
719,f,professor,oregon state,,public
720,f,professor,oregon state,,public
721,m,professor,oregon state,,public
722,m,professor,oregon state,,public
723,f,professor,oregon state,,public
724,m,professor,oregon state,,public
725,m,professor,oregon state,,public
726,m,professor,oregon state,,public
727,m,professor,oregon state,,public
728,m,professor,oregon state,,public
729,m,professor,oregon state,,public
730,f,professor,oregon state,,public
731,m,professor,oregon state,,public
732,m,professor,oregon state,,public
733,f,professor,oregon state,,public
734,f,professor,oregon state,,public
735,m,professor,oregon state,,public
736,m,professor,oregon state,,public
739,m,professor,penn state,m,public
741,m,assistant professor,penn state,m,public
742,m,assistant professor,penn state,m,public
743,f,assistant professor,penn state,m,public
744,f,assistant professor,penn state,m,public
745,f,assistant professor,penn state,m,public
746,m,assistant professor,penn state,m,public
747,m,associate professor,penn state,m,public
748,m,associate professor,penn state,m,public
749,f,associate professor,penn state,m,public
750,m,professor,penn state,m,public
751,m,professor,penn state,m,public
752,m,professor,penn state,m,public
753,m,professor,penn state,m,public
754,f,professor,penn state,m,public
755,m,professor,penn state,m,public
756,m,professor,penn state,m,public
757,m,professor,penn state,m,public
758,m,professor,penn state,m,public
759,m,professor,penn state,m,public
760,m,professor,penn state,m,public
761,f,professor,penn state,m,public
762,m,professor,penn state,m,public
763,f,professor,penn state,m,public
764,f,professor,penn state,m,public
765,m,professor,penn state,m,public
766,m,professor,penn state,m,public
767,m,professor,penn state,m,public
768,m,professor,penn state,m,public
769,f,assistant professor,penn state,m,public
770,m,assistant professor,penn state,m,public
771,m,assistant professor,penn state,m,public
772,f,assistant professor,penn state,m,public
773,f,assistant professor,penn state,m,public
774,m,assistant professor,penn state,m,public
775,f,assistant professor,penn state,m,public
776,m,assistant professor,penn state,m,public
777,m,assistant professor,penn state,m,public
778,m,assistant professor,penn state,m,public
779,m,associate professor,penn state,m,public
780,m,associate professor,penn state,m,public
781,m,associate professor,penn state,m,public
782,f,associate professor,penn state,m,public
783,f,associate professor,penn state,m,public
784,m,professor,penn state,m,public
785,m,professor,penn state,m,public
786,m,professor,penn state,m,public
787,m,professor,penn state,m,public
788,f,professor,penn state,m,public
789,m,professor,penn state,m,public
790,m,professor,penn state,m,public
791,f,professor,penn state,m,public
792,m,professor,penn state,m,public
793,f,professor,penn state,m,public
794,m,professor,penn state,m,public
795,m,professor,penn state,m,public
796,m,professor,penn state,m,public
797,m,professor,penn state,m,public
798,m,professor,penn state,m,public
799,m,professor,penn state,m,public
800,m,professor,penn state,m,public
801,m,professor,penn state,m,public
802,m,associate professor,princeton,m,private
803,m,professor,princeton,m,private
804,m,professor,princeton,m,private
805,f,assistant professor,princeton,m,private
806,f,professor,princeton,m,private
807,f,assistant professor,princeton,m,private
808,f,assistant professor,princeton,m,private
809,m,associate professor,princeton,m,private
810,m,associate professor,princeton,m,private
811,m,professor,princeton,m,private
812,m,professor,princeton,m,private
813,m,professor,princeton,m,private
814,m,professor,princeton,m,private
815,m,professor,princeton,m,private
816,m,professor,princeton,m,private
817,m,professor,princeton,m,private
818,m,professor,princeton,m,private
819,m,professor,princeton,m,private
820,m,professor,purdue,m,public
821,f,assistant professor,purdue,m,public
822,m,assistant professor,purdue,m,public
823,m,assistant professor,purdue,m,public
824,m,assistant professor,purdue,m,public
825,m,assistant professor,purdue,m,public
826,f,assistant professor,purdue,m,public
827,m,assistant professor,purdue,m,public
828,f,assistant professor,purdue,m,public
829,m,assistant professor,purdue,m,public
830,f,assistant professor,purdue,m,public
831,f,assistant professor,purdue,m,public
832,f,assistant professor,purdue,m,public
833,m,assistant professor,purdue,m,public
834,f,assistant professor,purdue,m,public
835,m,assistant professor,purdue,m,public
836,m,associate professor,purdue,m,public
837,m,associate professor,purdue,m,public
838,f,associate professor,purdue,m,public
839,m,associate professor,purdue,m,public
840,m,associate professor,purdue,m,public
841,m,associate professor,purdue,m,public
842,m,associate professor,purdue,m,public
843,f,associate professor,purdue,m,public
844,m,professor,purdue,m,public
845,m,professor,purdue,m,public
846,f,professor,purdue,m,public
847,m,professor,purdue,m,public
848,m,professor,purdue,m,public
849,m,professor,purdue,m,public
850,m,professor,purdue,m,public
851,m,professor,purdue,m,public
852,m,professor,purdue,m,public
853,m,professor,purdue,m,public
854,m,professor,purdue,m,public
855,m,professor,purdue,m,public
856,m,professor,rice,m,private
859,f,assistant professor,rice,m,private
860,f,assistant professor,rice,m,private
861,m,assistant professor,rice,m,private
862,f,assistant professor,rice,m,private
863,m,assistant professor,rice,m,private
864,m,assistant professor,rice,m,private
865,f,associate professor,rice,m,private
866,m,professor,rice,m,private
867,m,professor,rice,m,private
868,m,professor,rice,m,private
869,m,professor,rice,m,private
870,m,professor,rice,m,private
871,m,professor,rice,m,private
872,m,professor,rice,m,private
873,f,professor,rice,m,private
874,f,professor,rice,m,private
875,m,professor,rice,m,private
876,m,professor,rice,m,private
877,f,assistant professor,rutgers,m,public
878,m,assistant professor,rutgers,m,public
879,f,associate professor,rutgers,m,public
880,m,associate professor,rutgers,m,public
881,f,professor,rutgers,m,public
882,m,professor,rutgers,m,public
883,f,professor,rutgers,m,public
884,m,professor,rutgers,m,public
885,m,professor,rutgers,m,public
886,m,professor,rutgers,m,public
887,m,professor,rutgers,m,public
888,m,professor,rutgers,m,public
889,m,professor,rutgers,m,public
890,m,professor,rutgers,m,public
891,m,professor,rutgers,m,public
892,m,professor,rutgers,m,public
893,f,professor,rutgers,m,public
894,m,professor,rutgers,m,public
895,m,professor,rutgers,m,public
896,m,professor,rutgers,m,public
897,m,professor,rutgers,m,public
898,m,assistant professor,rutgers,m,public
899,f,assistant professor,rutgers,m,public
900,f,assistant professor,rutgers,m,public
901,f,associate professor,rutgers,m,public
902,f,associate professor,rutgers,m,public
903,f,associate professor,rutgers,m,public
904,f,associate professor,rutgers,m,public
905,m,professor,rutgers,m,public
906,m,professor,rutgers,m,public
907,m,professor,rutgers,m,public
908,m,professor,rutgers,m,public
909,m,professor,rutgers,m,public
910,m,professor,rutgers,m,public
911,m,professor,rutgers,m,public
912,m,professor,rutgers,m,public
913,m,professor,rutgers,m,public
914,m,professor,rutgers,m,public
915,m,professor,rutgers,m,public
916,m,professor,rutgers,m,public
917,f,professor,rutgers,m,public
918,m,professor,rutgers,m,public
919,m,professor,rutgers,m,public
920,m,professor,rutgers,m,public
921,m,professor,stanford,m,private
922,m,associate professor,stanford,m,private
923,f,professor,stanford,m,private
924,f,associate professor,stanford,m,private
925,f,assistant professor,stanford,m,private
926,f,assistant professor,stanford,m,private
927,f,assistant professor,stanford,m,private
928,f,assistant professor,stanford,m,private
929,f,assistant professor,stanford,m,private
930,m,associate professor,stanford,m,private
931,m,associate professor,stanford,m,private
932,f,associate professor,stanford,m,private
934,m,professor,stanford,m,private
935,m,professor,stanford,m,private
936,m,professor,stanford,m,private
937,m,professor,stanford,m,private
938,m,professor,stanford,m,private
939,m,professor,stanford,m,private
940,m,professor,stanford,m,private
941,f,professor,stanford,m,private
944,m,assistant professor,stanford,m,private
945,m,assistant professor,stanford,m,private
946,f,assistant professor,stanford,m,private
947,f,assistant professor,stanford,m,private
948,m,assistant professor,stanford,m,private
949,f,associate professor,stanford,m,private
950,m,professor,stanford,m,private
951,m,professor,stanford,m,private
952,m,professor,stanford,m,private
953,m,professor,stanford,m,private
954,m,professor,stanford,m,private
955,m,professor,stanford,m,private
956,m,professor,stanford,m,private
957,f,professor,stanford,m,private
958,f,professor,stanford,m,private
959,m,professor,stanford,m,private
960,m,professor,stanford,m,private
961,f,assistant professor,stanford,m,private
962,m,assistant professor,stanford,m,private
963,f,assistant professor,stanford,m,private
964,f,assistant professor,stanford,m,private
965,m,associate professor,stanford,m,private
966,f,associate professor,stanford,m,private
967,m,professor,stanford,m,private
968,m,professor,stanford,m,private
969,m,professor,stanford,m,private
970,f,professor,stanford,m,private
971,m,professor,stanford,m,private
972,m,professor,stanford,m,private
973,f,assistant professor,stony brook u,m,public
974,m,assistant professor,stony brook u,m,public
975,m,assistant professor,stony brook u,m,public
976,m,associate professor,stony brook u,m,public
977,m,associate professor,stony brook u,m,public
978,f,associate professor,stony brook u,m,public
979,f,associate professor,stony brook u,m,public
980,m,professor,stony brook u,m,public
981,m,professor,stony brook u,m,public
982,m,professor,stony brook u,m,public
983,m,professor,stony brook u,m,public
984,m,professor,stony brook u,m,public
985,f,professor,stony brook u,m,public
986,m,professor,stony brook u,m,public
987,m,professor,stony brook u,m,public
988,m,professor,stony brook u,m,public
989,m,professor,stony brook u,m,public
990,m,professor,stony brook u,m,public
991,m,professor,stony brook u,m,public
992,m,assistant professor,stony brook u,m,public
993,m,assistant professor,stony brook u,m,public
994,m,assistant professor,stony brook u,m,public
995,m,assistant professor,stony brook u,m,public
996,f,assistant professor,stony brook u,m,public
997,m,assistant professor,stony brook u,m,public
998,m,assistant professor,stony brook u,m,public
999,f,assistant professor,stony brook u,m,public
1000,f,assistant professor,stony brook u,m,public
1001,f,assistant professor,stony brook u,m,public
1002,f,associate professor,stony brook u,m,public
1003,m,associate professor,stony brook u,m,public
1004,m,associate professor,stony brook u,m,public
1005,f,associate professor,stony brook u,m,public
1006,f,associate professor,stony brook u,m,public
1007,m,associate professor,stony brook u,m,public
1008,m,associate professor,stony brook u,m,public
1009,m,associate professor,stony brook u,m,public
1010,m,associate professor,stony brook u,m,public
1011,m,associate professor,stony brook u,m,public
1012,m,associate professor,stony brook u,m,public
1013,m,associate professor,stony brook u,m,public
1014,m,associate professor,stony brook u,m,public
1015,m,professor,stony brook u,m,public
1016,f,professor,stony brook u,m,public
1017,m,professor,stony brook u,m,public
1018,m,professor,stony brook u,m,public
1019,m,professor,stony brook u,m,public
1020,m,professor,stony brook u,m,public
1021,m,professor,stony brook u,m,public
1022,m,professor,stony brook u,m,public
1023,m,professor,stony brook u,m,public
1024,m,professor,stony brook u,m,public
1025,m,professor,stony brook u,m,public
1026,m,professor,stony brook u,m,public
1027,m,professor,stony brook u,m,public
1028,m,professor,stony brook u,m,public
1029,m,professor,stony brook u,m,public
1030,m,professor,stony brook u,m,public
1031,f,professor,stony brook u,m,public
1032,m,professor,stony brook u,m,public
1033,m,professor,stony brook u,m,public
1034,f,professor,stony brook u,m,public
1035,f,professor,stony brook u,m,public
1036,m,professor,stony brook u,m,public
1037,m,professor,stony brook u,m,public
1038,m,professor,stony brook u,m,public
1039,m,professor,stony brook u,m,public
1040,f,associate professor,suny albany,m,public
1041,m,associate professor,suny albany,m,public
1042,f,associate professor,suny albany,m,public
1043,m,associate professor,suny albany,m,public
1044,m,associate professor,suny albany,m,public
1045,m,associate professor,suny albany,m,public
1046,m,associate professor,suny albany,m,public
1047,m,professor,suny albany,m,public
1048,m,professor,suny albany,m,public
1049,m,professor,suny albany,m,public
1050,m,professor,suny albany,m,public
1051,m,professor,suny albany,m,public
1052,m,professor,suny albany,m,public
1053,m,professor,suny albany,m,public
1054,m,professor,suny albany,m,public
1055,m,assistant professor,texas a&m,m,public
1056,m,assistant professor,texas a&m,m,public
1057,m,assistant professor,texas a&m,m,public
1058,m,assistant professor,texas a&m,m,public
1059,m,associate professor,texas a&m,m,public
1060,m,associate professor,texas a&m,m,public
1061,f,associate professor,texas a&m,m,public
1062,m,associate professor,texas a&m,m,public
1063,m,professor,texas a&m,m,public
1064,f,professor,texas a&m,m,public
1065,m,professor,texas a&m,m,public
1066,m,professor,texas a&m,m,public
1067,m,professor,texas a&m,m,public
1068,m,professor,texas a&m,m,public
1069,m,professor,texas a&m,m,public
1070,f,professor,texas a&m,m,public
1071,m,professor,texas a&m,m,public
1072,m,professor,texas a&m,m,public
1073,m,professor,texas a&m,m,public
1074,m,assistant professor,texas a&m,m,public
1075,m,assistant professor,texas a&m,m,public
1076,m,assistant professor,texas a&m,m,public
1077,m,assistant professor,texas a&m,m,public
1078,f,assistant professor,texas a&m,m,public
1079,f,assistant professor,texas a&m,m,public
1080,f,assistant professor,texas a&m,m,public
1081,m,assistant professor,texas a&m,m,public
1082,m,associate professor,texas a&m,m,public
1083,m,associate professor,texas a&m,m,public
1084,m,associate professor,texas a&m,m,public
1085,f,associate professor,texas a&m,m,public
1086,m,associate professor,texas a&m,m,public
1087,m,professor,texas a&m,m,public
1088,m,professor,texas a&m,m,public
1089,m,professor,texas a&m,m,public
1090,f,professor,texas a&m,m,public
1091,m,professor,texas a&m,m,public
1092,m,professor,texas a&m,m,public
1093,f,professor,texas a&m,m,public
1094,m,professor,texas a&m,m,public
1095,m,professor,texas a&m,m,public
1096,f,assistant professor,texas a&m,m,public
1097,m,assistant professor,texas a&m,m,public
1098,m,assistant professor,texas a&m,m,public
1099,f,assistant professor,texas a&m,m,public
1100,f,associate professor,texas a&m,m,public
1101,m,associate professor,texas a&m,m,public
1102,m,associate professor,texas a&m,m,public
1103,m,professor,texas a&m,m,public
1104,f,professor,texas a&m,m,public
1105,m,professor,texas a&m,m,public
1106,m,professor,texas a&m,m,public
1107,m,professor,texas a&m,m,public
1108,m,professor,texas a&m,m,public
1109,m,professor,texas a&m,m,public
1110,m,professor,texas a&m,m,public
1111,m,professor,texas a&m,m,public
1112,m,professor,texas a&m,m,public
1113,m,professor,texas a&m,m,public
1114,m,professor,texas a&m,m,public
1115,m,professor,texas a&m,m,public
1116,m,professor,texas a&m,m,public
1117,f,professor,texas a&m,m,public
1118,m,professor,texas a&m,m,public
1119,m,professor,texas a&m,m,public
1120,m,professor,texas a&m,m,public
1121,m,professor,texas a&m,m,public
1122,m,professor,texas a&m,m,public
1123,f,assistant professor,texas a&m,m,public
1124,f,assistant professor,texas a&m,m,public
1125,m,assistant professor,texas a&m,m,public
1126,f,assistant professor,texas a&m,m,public
1127,m,assistant professor,texas a&m,m,public
1128,m,assistant professor,texas a&m,m,public
1129,m,associate professor,texas a&m,m,public
1130,m,professor,texas a&m,m,public
1131,f,professor,texas a&m,m,public
1132,m,professor,texas a&m,m,public
1133,m,professor,texas a&m,m,public
1134,m,professor,texas a&m,m,public
1135,m,professor,texas a&m,m,public
1136,m,professor,texas a&m,m,public
1137,m,professor,texas a&m,m,public
1138,m,professor,texas a&m,m,public
1139,f,professor,texas a&m,m,public
1140,m,professor,texas a&m,m,public
1141,f,professor,texas a&m,m,public
1142,m,professor,texas a&m,m,public
1143,f,professor,texas a&m,m,public
1144,m,associate professor,u alaska fairbanks,m,public
1145,f,professor,u alaska fairbanks,m,public
1146,m,professor,u alaska fairbanks,m,public
1147,f,professor,u alaska fairbanks,m,public
1148,m,professor,u alaska fairbanks,m,public
1149,m,professor,u alaska fairbanks,m,public
1150,m,professor,u alaska fairbanks,m,public
1151,m,assistant professor,u alaska fairbanks,m,public
1152,m,assistant professor,u alaska fairbanks,m,public
1153,m,associate professor,u alaska fairbanks,m,public
1154,m,associate professor,u alaska fairbanks,m,public
1155,f,associate professor,u alaska fairbanks,m,public
1156,m,associate professor,u alaska fairbanks,m,public
1157,m,associate professor,u alaska fairbanks,m,public
1158,m,associate professor,u alaska fairbanks,m,public
1159,f,associate professor,u alaska fairbanks,m,public
1160,m,associate professor,u alaska fairbanks,m,public
1161,m,professor,u alaska fairbanks,m,public
1162,f,professor,u alaska fairbanks,m,public
1163,f,professor,u alaska fairbanks,m,public
1164,m,professor,u alaska fairbanks,m,public
1165,m,professor,u alaska fairbanks,m,public
1166,m,professor,u alaska fairbanks,m,public
1167,m,professor,u alaska fairbanks,m,public
1168,m,assistant professor,u arizona,f,public
1169,m,assistant professor,u arizona,f,public
1170,m,assistant professor,u arizona,f,public
1171,f,assistant professor,u arizona,f,public
1172,m,assistant professor,u arizona,f,public
1173,m,assistant professor,u arizona,f,public
1174,f,assistant professor,u arizona,f,public
1175,m,associate professor,u arizona,f,public
1176,f,associate professor,u arizona,f,public
1177,m,associate professor,u arizona,f,public
1178,f,professor,u arizona,f,public
1179,m,professor,u arizona,f,public
1180,f,professor,u arizona,f,public
1181,m,professor,u arizona,f,public
1182,m,professor,u arizona,f,public
1183,m,professor,u arizona,f,public
1184,m,professor,u arizona,f,public
1185,m,professor,u arizona,f,public
1186,m,professor,u arizona,f,public
1187,m,professor,u arizona,f,public
1188,m,professor,u arizona,f,public
1189,m,professor,u arizona,f,public
1190,m,professor,u arizona,f,public
1191,m,professor,u arizona,f,public
1192,m,professor,u arizona,f,public
1193,m,professor,u arizona,f,public
1194,m,professor,u arizona,f,public
1195,m,professor,u arizona,f,public
1196,f,professor,u arizona,f,public
1197,f,assistant professor,u arizona,f,public
1198,m,assistant professor,u arizona,f,public
1199,f,assistant professor,u arizona,f,public
1200,m,associate professor,u arizona,f,public
1201,m,associate professor,u arizona,f,public
1202,m,associate professor,u arizona,f,public
1203,m,professor,u arizona,f,public
1204,m,professor,u arizona,f,public
1205,m,professor,u arizona,f,public
1206,m,professor,u arizona,f,public
1207,m,professor,u arizona,f,public
1208,m,professor,u arizona,f,public
1209,f,professor,u arizona,f,public
1210,m,professor,u arizona,f,public
1211,m,professor,u arizona,f,public
1212,m,professor,u arizona,f,public
1213,m,professor,u arizona,f,public
1214,m,professor,u arizona,f,public
1215,m,professor,u arizona,f,public
1216,m,professor,u arizona,f,public
1217,f,assistant professor,u chicago,m,private
1218,f,assistant professor,u chicago,m,private
1219,m,assistant professor,u chicago,m,private
1220,m,assistant professor,u chicago,m,private
1221,f,assistant professor,u chicago,m,private
1222,f,assistant professor,u chicago,m,private
1223,m,assistant professor,u chicago,m,private
1224,m,associate professor,u chicago,m,private
1225,m,associate professor,u chicago,m,private
1226,f,associate professor,u chicago,m,private
1227,f,associate professor,u chicago,m,private
1228,m,associate professor,u chicago,m,private
1229,m,professor,u chicago,m,private
1230,m,professor,u chicago,m,private
1231,m,professor,u chicago,m,private
1232,m,professor,u chicago,m,private
1233,m,professor,u chicago,m,private
1234,m,professor,u chicago,m,private
1235,m,professor,u chicago,m,private
1236,f,professor,u chicago,m,private
1237,m,professor,u chicago,m,private
1238,m,professor,u chicago,m,private
1239,m,professor,u chicago,m,private
1240,m,assistant professor,u delaware,f,public
1241,m,associate professor,u delaware,f,public
1242,m,associate professor,u delaware,f,public
1243,f,associate professor,u delaware,f,public
1244,m,associate professor,u delaware,f,public
1245,f,associate professor,u delaware,f,public
1246,m,professor,u delaware,f,public
1247,m,professor,u delaware,f,public
1248,f,professor,u delaware,f,public
1249,m,professor,u delaware,f,public
1250,m,professor,u delaware,f,public
1251,m,professor,u delaware,f,public
1252,m,assistant professor,u delaware,f,public
1253,f,assistant professor,u delaware,f,public
1254,m,assistant professor,u delaware,f,public
1255,m,assistant professor,u delaware,f,public
1256,f,assistant professor,u delaware,f,public
1257,f,assistant professor,u delaware,f,public
1258,f,assistant professor,u delaware,f,public
1259,f,associate professor,u delaware,f,public
1260,f,associate professor,u delaware,f,public
1261,f,associate professor,u delaware,f,public
1262,m,professor,u delaware,f,public
1263,m,professor,u delaware,f,public
1264,m,professor,u delaware,f,public
1265,m,professor,u delaware,f,public
1266,m,professor,u delaware,f,public
1267,m,assistant professor,u delaware,f,public
1268,f,assistant professor,u delaware,f,public
1269,f,assistant professor,u delaware,f,public
1270,m,assistant professor,u delaware,f,public
1271,m,assistant professor,u delaware,f,public
1272,f,assistant professor,u delaware,f,public
1273,m,assistant professor,u delaware,f,public
1274,f,assistant professor,u delaware,f,public
1275,m,assistant professor,u delaware,f,public
1276,f,associate professor,u delaware,f,public
1277,m,associate professor,u delaware,f,public
1278,f,associate professor,u delaware,f,public
1279,f,associate professor,u delaware,f,public
1280,m,associate professor,u delaware,f,public
1281,m,associate professor,u delaware,f,public
1282,m,associate professor,u delaware,f,public
1283,f,associate professor,u delaware,f,public
1284,f,professor,u delaware,f,public
1285,f,professor,u delaware,f,public
1286,m,professor,u delaware,f,public
1287,m,professor,u delaware,f,public
1288,m,professor,u delaware,f,public
1289,m,professor,u delaware,f,public
1290,m,professor,u delaware,f,public
1291,m,professor,u delaware,f,public
1292,m,professor,u delaware,f,public
1293,m,professor,u delaware,f,public
1294,m,professor,u delaware,f,public
1295,f,professor,u delaware,f,public
1296,m,professor,u delaware,f,public
1297,m,professor,u delaware,f,public
1298,m,professor,u delaware,f,public
1299,m,professor,u delaware,f,public
1300,m,professor,u delaware,f,public
1301,f,assistant professor,u hawaii,m,public
1302,f,assistant professor,u hawaii,m,public
1303,m,assistant professor,u hawaii,m,public
1304,f,assistant professor,u hawaii,m,public
1305,f,associate professor,u hawaii,m,public
1306,m,professor,u hawaii,m,public
1307,m,professor,u hawaii,m,public
1308,m,professor,u hawaii,m,public
1309,m,professor,u hawaii,m,public
1310,m,professor,u hawaii,m,public
1311,m,professor,u hawaii,m,public
1312,f,associate professor,u hawaii,m,public
1313,m,assistant professor,u hawaii,m,public
1314,f,assistant professor,u hawaii,m,public
1315,m,assistant professor,u hawaii,m,public
1316,f,associate professor,u hawaii,m,public
1317,m,associate professor,u hawaii,m,public
1318,m,associate professor,u hawaii,m,public
1319,f,associate professor,u hawaii,m,public
1320,m,professor,u hawaii,m,public
1321,m,professor,u hawaii,m,public
1322,m,professor,u hawaii,m,public
1323,m,professor,u hawaii,m,public
1324,m,professor,u hawaii,m,public
1325,m,professor,u hawaii,m,public
1326,f,professor,u hawaii,m,public
1327,m,professor,u hawaii,m,public
1328,m,professor,u hawaii,m,public
1329,m,professor,u hawaii,m,public
1330,m,professor,u hawaii,m,public
1331,m,professor,u hawaii,m,public
1332,m,professor,u hawaii,m,public
1333,m,assistant professor,u hawaii,m,public
1334,m,assistant professor,u hawaii,m,public
1335,m,assistant professor,u hawaii,m,public
1336,m,assistant professor,u hawaii,m,public
1337,f,associate professor,u hawaii,m,public
1338,m,associate professor,u hawaii,m,public
1339,m,associate professor,u hawaii,m,public
1340,m,associate professor,u hawaii,m,public
1341,f,associate professor,u hawaii,m,public
1342,m,associate professor,u hawaii,m,public
1343,f,associate professor,u hawaii,m,public
1344,m,professor,u hawaii,m,public
1345,m,professor,u hawaii,m,public
1346,m,professor,u hawaii,m,public
1347,m,professor,u hawaii,m,public
1348,m,professor,u hawaii,m,public
1349,m,professor,u hawaii,m,public
1350,m,professor,u hawaii,m,public
1351,f,professor,u hawaii,m,public
1352,m,professor,u hawaii,m,public
1353,m,professor,u hawaii,m,public
1354,m,professor,u hawaii,m,public
1355,m,professor,u hawaii,m,public
1356,m,professor,u hawaii,m,public
1357,m,professor,u hawaii,m,public
1358,m,professor,u hawaii,m,public
1359,m,professor,u hawaii,m,public
1360,m,professor,u hawaii,m,public
1361,m,assistant professor,u houston,m,public
1362,m,assistant professor,u houston,m,public
1363,f,assistant professor,u houston,m,public
1364,m,assistant professor,u houston,m,public
1365,m,assistant professor,u houston,m,public
1366,f,associate professor,u houston,m,public
1367,m,associate professor,u houston,m,public
1368,m,associate professor,u houston,m,public
1369,m,associate professor,u houston,m,public
1370,f,associate professor,u houston,m,public
1371,f,associate professor,u houston,m,public
1372,m,associate professor,u houston,m,public
1373,m,professor,u houston,m,public
1374,m,professor,u houston,m,public
1375,m,professor,u houston,m,public
1376,m,professor,u houston,m,public
1377,m,professor,u houston,m,public
1378,m,professor,u houston,m,public
1379,f,professor,u houston,m,public
1380,m,professor,u houston,m,public
1381,m,professor,u houston,m,public
1382,f,professor,u houston,m,public
1383,f,professor,u houston,m,public
1384,m,professor,u houston,m,public
1385,m,professor,u houston,m,public
1386,m,professor,u houston,m,public
1387,m,professor,u houston,m,public
1388,m,professor,u houston,m,public
1389,m,professor,u houston,m,public
1390,m,professor,u houston,m,public
1391,m,professor,u houston,m,public
1392,f,assistant professor,u iowa,m,public
1393,m,associate professor,u iowa,m,public
1394,m,associate professor,u iowa,m,public
1395,f,associate professor,u iowa,m,public
1396,f,associate professor,u iowa,m,public
1397,m,associate professor,u iowa,m,public
1398,m,professor,u iowa,m,public
1399,m,professor,u iowa,m,public
1400,m,professor,u iowa,m,public
1401,f,professor,u iowa,m,public
1402,m,professor,u iowa,m,public
1403,m,professor,u iowa,m,public
1404,m,professor,u iowa,m,public
1405,m,assistant professor,u kansas,m,public
1407,m,assistant professor,u kansas,m,public
1408,f,assistant professor,u kansas,m,public
1409,m,assistant professor,u kansas,m,public
1410,f,associate professor,u kansas,m,public
1411,m,associate professor,u kansas,m,public
1412,m,associate professor,u kansas,m,public
1413,m,professor,u kansas,m,public
1414,m,professor,u kansas,m,public
1415,m,professor,u kansas,m,public
1416,m,professor,u kansas,m,public
1417,m,professor,u kansas,m,public
1418,m,professor,u kansas,m,public
1419,m,professor,u kansas,m,public
1420,f,professor,u kansas,m,public
1421,m,professor,u kansas,m,public
1422,m,professor,u kansas,m,public
1423,f,assistant professor,u kansas,m,public
1424,m,assistant professor,u kansas,m,public
1425,f,assistant professor,u kansas,m,public
1426,m,associate professor,u kansas,m,public
1427,m,associate professor,u kansas,m,public
1428,m,associate professor,u kansas,m,public
1429,f,associate professor,u kansas,m,public
1430,f,associate professor,u kansas,m,public
1431,m,associate professor,u kansas,m,public
1432,m,professor,u kansas,m,public
1433,m,professor,u kansas,m,public
1434,m,professor,u kansas,m,public
1435,m,professor,u kansas,m,public
1436,m,professor,u kansas,m,public
1437,m,professor,u kansas,m,public
1438,f,professor,u kansas,m,public
1439,m,professor,u kansas,m,public
1440,f,professor,u kansas,m,public
1441,f,professor,u kansas,m,public
1442,m,professor,u kansas,m,public
1443,f,professor,u kansas,m,public
1444,m,professor,u kansas,m,public
1445,m,professor,u kansas,m,public
1446,m,professor,u kansas,m,public
1447,f,assistant professor,u miami,m,public
1448,m,assistant professor,u miami,m,public
1449,f,assistant professor,u miami,m,public
1450,m,assistant professor,u miami,m,public
1451,m,assistant professor,u miami,m,public
1452,f,assistant professor,u miami,m,public
1453,f,assistant professor,u miami,m,public
1454,f,assistant professor,u miami,m,public
1455,m,associate professor,u miami,m,public
1457,f,associate professor,u miami,m,public
1458,m,associate professor,u miami,m,public
1459,f,associate professor,u miami,m,public
1460,m,associate professor,u miami,m,public
1461,m,associate professor,u miami,m,public
1462,m,professor,u miami,m,public
1463,m,professor,u miami,m,public
1464,m,professor,u miami,m,public
1465,f,professor,u miami,m,public
1466,m,professor,u miami,m,public
1467,f,professor,u miami,m,public
1468,m,professor,u miami,m,public
1469,m,professor,u miami,m,public
1470,m,professor,u miami,m,public
1471,m,professor,u miami,m,public
1472,m,professor,u miami,m,public
1473,f,professor,u miami,m,public
1474,m,professor,u miami,m,public
1475,m,professor,u miami,m,public
1476,m,professor,u miami,m,public
1477,f,professor,u miami,m,public
1478,m,professor,u miami,m,public
1479,m,professor,u miami,m,public
1480,m,professor,u miami,m,public
1481,m,professor,u miami,m,public
1482,m,professor,u miami,m,public
1483,m,professor,u miami,m,public
1484,m,professor,u miami,m,public
1485,m,professor,u miami,m,public
1486,m,professor,u miami,m,public
1487,m,professor,u miami,m,public
1488,m,professor,u miami,m,public
1489,f,professor,u miami,m,public
1490,m,professor,u miami,m,public
1491,m,professor,u miami,m,public
1492,m,professor,u miami,m,public
1493,f,professor,u miami,m,public
1494,m,professor,u miami,m,public
1495,m,professor,u miami,m,public
1496,m,professor,u miami,m,public
1497,f,professor,u miami,m,public
1498,f,professor,u miami,m,public
1499,m,professor,u miami,m,public
1500,m,professor,u miami,m,public
1501,f,professor,u miami,m,public
1502,m,professor,u miami,m,public
1503,m,professor,u miami,m,public
1504,f,professor,u miami,m,public
1505,m,professor,u miami,m,public
1506,m,professor,u miami,m,public
1507,m,professor,u miami,m,public
1508,m,professor,u miami,m,public
1509,m,professor,u miami,m,public
1510,m,professor,u miami,m,public
1511,m,professor,u miami,m,public
1512,f,professor,u miami,m,public
1513,m,assistant professor,u michigan,f,public
1514,f,assistant professor,u michigan,f,public
1515,m,associate professor,u michigan,f,public
1516,m,associate professor,u michigan,f,public
1517,f,associate professor,u michigan,f,public
1518,m,associate professor,u michigan,f,public
1519,f,associate professor,u michigan,f,public
1520,m,associate professor,u michigan,f,public
1521,f,associate professor,u michigan,f,public
1522,f,associate professor,u michigan,f,public
1523,m,professor,u michigan,f,public
1524,m,professor,u michigan,f,public
1525,m,professor,u michigan,f,public
1526,m,professor,u michigan,f,public
1527,m,professor,u michigan,f,public
1528,m,professor,u michigan,f,public
1529,m,professor,u michigan,f,public
1530,m,professor,u michigan,f,public
1531,f,professor,u michigan,f,public
1532,f,professor,u michigan,f,public
1533,m,professor,u michigan,f,public
1534,m,professor,u michigan,f,public
1535,m,professor,u michigan,f,public
1536,m,professor,u michigan,f,public
1537,m,professor,u michigan,f,public
1538,m,professor,u michigan,f,public
1539,f,professor,u michigan,f,public
1540,m,professor,u michigan,f,public
1541,m,associate professor,u michigan,f,public
1542,m,professor,u michigan,f,public
1543,m,assistant professor,u michigan,f,public
1544,f,assistant professor,u michigan,f,public
1545,f,assistant professor,u michigan,f,public
1546,f,assistant professor,u michigan,f,public
1547,f,assistant professor,u michigan,f,public
1548,m,assistant professor,u michigan,f,public
1549,f,associate professor,u michigan,f,public
1550,m,associate professor,u michigan,f,public
1551,m,associate professor,u michigan,f,public
1552,f,associate professor,u michigan,f,public
1553,m,associate professor,u michigan,f,public
1554,m,associate professor,u michigan,f,public
1555,m,professor,u michigan,f,public
1556,m,professor,u michigan,f,public
1557,m,professor,u michigan,f,public
1558,f,professor,u michigan,f,public
1559,f,professor,u michigan,f,public
1560,f,professor,u michigan,f,public
1561,f,professor,u michigan,f,public
1562,f,professor,u michigan,f,public
1563,f,professor,u michigan,f,public
1564,m,professor,u michigan,f,public
1565,m,professor,u michigan,f,public
1566,m,professor,u michigan,f,public
1567,m,professor,u michigan,f,public
1568,m,professor,u michigan,f,public
1569,m,professor,u michigan,f,public
1570,m,professor,u michigan,f,public
1571,m,professor,u michigan,f,public
1572,m,professor,u michigan,f,public
1573,m,assistant professor,u minnesota twin cities,f,public
1574,f,assistant professor,u minnesota twin cities,f,public
1575,m,assistant professor,u minnesota twin cities,f,public
1576,f,assistant professor,u minnesota twin cities,f,public
1577,f,assistant professor,u minnesota twin cities,f,public
1578,m,assistant professor,u minnesota twin cities,f,public
1579,m,assistant professor,u minnesota twin cities,f,public
1580,m,associate professor,u minnesota twin cities,f,public
1581,m,associate professor,u minnesota twin cities,f,public
1582,f,associate professor,u minnesota twin cities,f,public
1583,m,professor,u minnesota twin cities,f,public
1584,m,professor,u minnesota twin cities,f,public
1585,m,professor,u minnesota twin cities,f,public
1586,m,professor,u minnesota twin cities,f,public
1587,m,professor,u minnesota twin cities,f,public
1588,m,professor,u minnesota twin cities,f,public
1589,m,professor,u minnesota twin cities,f,public
1590,m,professor,u minnesota twin cities,f,public
1591,m,professor,u minnesota twin cities,f,public
1592,m,professor,u minnesota twin cities,f,public
1593,f,professor,u minnesota twin cities,f,public
1594,m,professor,u minnesota twin cities,f,public
1595,m,professor,u minnesota twin cities,f,public
1596,m,professor,u minnesota twin cities,f,public
1597,m,professor,u minnesota twin cities,f,public
1598,f,professor,u minnesota twin cities,f,public
1600,f,assistant professor,u minnesota twin cities,f,public
1601,m,assistant professor,u minnesota twin cities,f,public
1602,m,assistant professor,u minnesota twin cities,f,public
1603,m,assistant professor,u minnesota twin cities,f,public
1604,f,assistant professor,u minnesota twin cities,f,public
1605,f,assistant professor,u minnesota twin cities,f,public
1606,f,assistant professor,u minnesota twin cities,f,public
1607,f,assistant professor,u minnesota twin cities,f,public
1608,m,associate professor,u minnesota twin cities,f,public
1609,m,associate professor,u minnesota twin cities,f,public
1610,m,associate professor,u minnesota twin cities,f,public
1611,m,associate professor,u minnesota twin cities,f,public
1612,m,associate professor,u minnesota twin cities,f,public
1613,m,associate professor,u minnesota twin cities,f,public
1614,f,associate professor,u minnesota twin cities,f,public
1615,f,associate professor,u minnesota twin cities,f,public
1616,m,professor,u minnesota twin cities,f,public
1617,m,professor,u minnesota twin cities,f,public
1618,m,professor,u minnesota twin cities,f,public
1619,m,professor,u minnesota twin cities,f,public
1620,m,professor,u minnesota twin cities,f,public
1621,m,professor,u minnesota twin cities,f,public
1622,m,professor,u minnesota twin cities,f,public
1623,m,professor,u minnesota twin cities,f,public
1624,m,professor,u minnesota twin cities,f,public
1625,m,professor,u minnesota twin cities,f,public
1626,f,assistant professor,u nevada reno,m,public
1627,m,assistant professor,u nevada reno,m,public
1628,m,assistant professor,u nevada reno,m,public
1629,m,assistant professor,u nevada reno,m,public
1630,m,assistant professor,u nevada reno,m,public
1631,f,assistant professor,u nevada reno,m,public
1632,m,associate professor,u nevada reno,m,public
1633,m,associate professor,u nevada reno,m,public
1634,f,associate professor,u nevada reno,m,public
1635,m,associate professor,u nevada reno,m,public
1636,m,professor,u nevada reno,m,public
1637,f,professor,u nevada reno,m,public
1638,f,professor,u nevada reno,m,public
1639,m,professor,u nevada reno,m,public
1640,f,professor,u nevada reno,m,public
1641,m,professor,u nevada reno,m,public
1642,m,professor,u nevada reno,m,public
1643,m,assistant professor,u nevada reno,m,public
1644,m,assistant professor,u nevada reno,m,public
1645,m,assistant professor,u nevada reno,m,public
1646,m,assistant professor,u nevada reno,m,public
1647,f,assistant professor,u nevada reno,m,public
1648,m,assistant professor,u nevada reno,m,public
1649,m,assistant professor,u nevada reno,m,public
1650,m,assistant professor,u nevada reno,m,public
1651,m,assistant professor,u nevada reno,m,public
1652,m,assistant professor,u nevada reno,m,public
1653,f,associate professor,u nevada reno,m,public
1654,f,associate professor,u nevada reno,m,public
1655,m,associate professor,u nevada reno,m,public
1656,f,associate professor,u nevada reno,m,public
1657,f,professor,u nevada reno,m,public
1658,m,professor,u nevada reno,m,public
1659,m,professor,u nevada reno,m,public
1660,m,professor,u nevada reno,m,public
1661,m,professor,u nevada reno,m,public
1662,f,professor,u nevada reno,m,public
1663,m,professor,u nevada reno,m,public
1664,m,professor,u nevada reno,m,public
1665,f,assistant professor,u oklahoma norman,f,public
1666,m,assistant professor,u oklahoma norman,f,public
1667,m,assistant professor,u oklahoma norman,f,public
1668,f,assistant professor,u oklahoma norman,f,public
1669,m,assistant professor,u oklahoma norman,f,public
1670,f,assistant professor,u oklahoma norman,f,public
1671,m,assistant professor,u oklahoma norman,f,public
1672,m,assistant professor,u oklahoma norman,f,public
1673,m,associate professor,u oklahoma norman,f,public
1674,m,associate professor,u oklahoma norman,f,public
1675,m,associate professor,u oklahoma norman,f,public
1676,m,associate professor,u oklahoma norman,f,public
1677,f,professor,u oklahoma norman,f,public
1678,m,professor,u oklahoma norman,f,public
1679,m,professor,u oklahoma norman,f,public
1680,m,professor,u oklahoma norman,f,public
1681,f,professor,u oklahoma norman,f,public
1682,m,professor,u oklahoma norman,f,public
1683,m,professor,u oklahoma norman,f,public
1684,m,professor,u oklahoma norman,f,public
1685,m,assistant professor,u oklahoma norman,f,public
1686,m,assistant professor,u oklahoma norman,f,public
1687,f,assistant professor,u oklahoma norman,f,public
1688,f,assistant professor,u oklahoma norman,f,public
1689,m,assistant professor,u oklahoma norman,f,public
1690,m,associate professor,u oklahoma norman,f,public
1691,m,associate professor,u oklahoma norman,f,public
1692,m,associate professor,u oklahoma norman,f,public
1693,m,associate professor,u oklahoma norman,f,public
1694,m,professor,u oklahoma norman,f,public
1695,m,professor,u oklahoma norman,f,public
1696,m,professor,u oklahoma norman,f,public
1697,m,professor,u oklahoma norman,f,public
1698,m,professor,u oklahoma norman,f,public
1699,m,professor,u oklahoma norman,f,public
1700,m,professor,u oklahoma norman,f,public
1701,m,professor,u oklahoma norman,f,public
1702,m,professor,u oklahoma norman,f,public
1703,f,professor,u oklahoma norman,f,public
1704,m,professor,u oklahoma norman,f,public
1705,m,professor,u oklahoma norman,f,public
1706,m,associate professor,u rhode island,m,public
1707,f,associate professor,u rhode island,m,public
1708,m,associate professor,u rhode island,m,public
1709,f,associate professor,u rhode island,m,public
1710,m,professor,u rhode island,m,public
1711,m,professor,u rhode island,m,public
1712,f,assistant professor,u rhode island,m,public
1713,m,assistant professor,u rhode island,m,public
1714,f,assistant professor,u rhode island,m,public
1715,f,assistant professor,u rhode island,m,public
1716,m,assistant professor,u rhode island,m,public
1717,m,assistant professor,u rhode island,m,public
1718,m,associate professor,u rhode island,m,public
1719,f,associate professor,u rhode island,m,public
1720,f,associate professor,u rhode island,m,public
1721,m,professor,u rhode island,m,public
1722,m,professor,u rhode island,m,public
1723,m,professor,u rhode island,m,public
1724,m,professor,u rhode island,m,public
1725,f,professor,u rhode island,m,public
1726,m,professor,u rhode island,m,public
1727,m,professor,u rhode island,m,public
1728,m,professor,u rhode island,m,public
1729,f,professor,u rhode island,m,public
1730,m,professor,u rhode island,m,public
1731,m,professor,u rhode island,m,public
1732,f,professor,u rhode island,m,public
1733,f,professor,u rhode island,m,public
1734,m,professor,u rhode island,m,public
1735,m,professor,u rhode island,m,public
1736,f,professor,u rhode island,m,public
1737,m,professor,u rhode island,m,public
1738,m,professor,u rhode island,m,public
1739,m,professor,u rhode island,m,public
1740,m,professor,u rhode island,m,public
1741,f,professor,u rhode island,m,public
1742,f,assistant professor,u south carolina,m,public
1743,f,assistant professor,u south carolina,m,public
1744,f,assistant professor,u south carolina,m,public
1745,m,assistant professor,u south carolina,m,public
1746,m,assistant professor,u south carolina,m,public
1747,m,assistant professor,u south carolina,m,public
1748,m,assistant professor,u south carolina,m,public
1749,f,assistant professor,u south carolina,m,public
1750,m,assistant professor,u south carolina,m,public
1751,f,assistant professor,u south carolina,m,public
1752,m,associate professor,u south carolina,m,public
1753,m,associate professor,u south carolina,m,public
1754,f,associate professor,u south carolina,m,public
1755,m,associate professor,u south carolina,m,public
1756,m,associate professor,u south carolina,m,public
1757,m,associate professor,u south carolina,m,public
1758,f,associate professor,u south carolina,m,public
1759,f,professor,u south carolina,m,public
1760,m,professor,u south carolina,m,public
1761,f,professor,u south carolina,m,public
1762,m,professor,u south carolina,m,public
1763,m,professor,u south carolina,m,public
1764,m,professor,u south carolina,m,public
1765,m,professor,u south carolina,m,public
1766,f,professor,u south carolina,m,public
1767,m,professor,u south carolina,m,public
1768,m,professor,u south carolina,m,public
1769,m,professor,u south carolina,m,public
1770,f,professor,u south carolina,m,public
1771,m,professor,u south carolina,m,public
1772,m,professor,u south carolina,m,public
1773,m,assistant professor,u south florida,m,public
1774,f,assistant professor,u south florida,m,public
1775,m,assistant professor,u south florida,m,public
1776,f,assistant professor,u south florida,m,public
1777,f,assistant professor,u south florida,m,public
1778,m,assistant professor,u south florida,m,public
1779,m,associate professor,u south florida,m,public
1780,m,associate professor,u south florida,m,public
1781,m,associate professor,u south florida,m,public
1782,f,associate professor,u south florida,m,public
1783,m,associate professor,u south florida,m,public
1784,m,associate professor,u south florida,m,public
1785,f,associate professor,u south florida,m,public
1786,m,associate professor,u south florida,m,public
1787,m,associate professor,u south florida,m,public
1788,m,associate professor,u south florida,m,public
1789,m,associate professor,u south florida,m,public
1790,m,associate professor,u south florida,m,public
1791,m,associate professor,u south florida,m,public
1792,f,professor,u south florida,m,public
1793,f,professor,u south florida,m,public
1794,m,professor,u south florida,m,public
1795,m,professor,u south florida,m,public
1796,f,professor,u south florida,m,public
1797,m,professor,u south florida,m,public
1798,f,professor,u south florida,m,public
1799,m,professor,u south florida,m,public
1800,m,professor,u south florida,m,public
1801,m,professor,u south florida,m,public
1802,m,professor,u south florida,m,public
1803,m,professor,u south florida,m,public
1804,m,professor,u south florida,m,public
1805,m,professor,u south florida,m,public
1806,m,professor,u south florida,m,public
1807,m,professor,u south florida,m,public
1808,m,professor,u south florida,m,public
1809,f,associate professor,u utah,m,public
1810,m,associate professor,u utah,m,public
1811,m,associate professor,u utah,m,public
1812,m,associate professor,u utah,m,public
1813,m,professor,u utah,m,public
1814,m,professor,u utah,m,public
1815,m,professor,u utah,m,public
1816,m,professor,u utah,m,public
1817,m,professor,u utah,m,public
1818,f,professor,u utah,m,public
1819,m,professor,u utah,m,public
1820,m,professor,u utah,m,public
1821,f,assistant professor,u utah,m,public
1822,f,assistant professor,u utah,m,public
1823,f,associate professor,u utah,m,public
1824,m,associate professor,u utah,m,public
1825,m,associate professor,u utah,m,public
1826,m,associate professor,u utah,m,public
1827,m,associate professor,u utah,m,public
1828,m,associate professor,u utah,m,public
1829,m,associate professor,u utah,m,public
1830,m,associate professor,u utah,m,public
1831,m,professor,u utah,m,public
1832,m,professor,u utah,m,public
1833,m,professor,u utah,m,public
1834,f,professor,u utah,m,public
1835,m,professor,u utah,m,public
1836,f,professor,u utah,m,public
1837,m,professor,u utah,m,public
1838,m,professor,u utah,m,public
1839,m,professor,u utah,m,public
1840,m,professor,u utah,m,public
1841,f,professor,u utah,m,public
1842,f,associate professor,u washington,m,public
1843,f,assistant professor,u washington,m,public
1844,m,assistant professor,u washington,m,public
1845,m,assistant professor,u washington,m,public
1846,m,associate professor,u washington,m,public
1847,f,professor,u washington,m,public
1848,m,professor,u washington,m,public
1849,f,professor,u washington,m,public
1850,m,professor,u washington,m,public
1851,f,professor,u washington,m,public
1852,m,professor,u washington,m,public
1853,m,professor,u washington,m,public
1854,m,professor,u washington,m,public
1855,m,professor,u washington,m,public
1856,f,professor,u washington,m,public
1857,m,professor,u washington,m,public
1858,m,professor,u washington,m,public
1859,m,professor,u washington,m,public
1860,m,professor,u washington,m,public
1861,m,professor,u washington,m,public
1862,m,professor,u washington,m,public
1863,m,professor,u washington,m,public
1864,m,professor,u washington,m,public
1865,m,professor,u washington,m,public
1866,m,professor,u washington,m,public
1867,m,professor,u washington,m,public
1868,m,professor,u washington,m,public
1869,m,professor,u washington,m,public
1870,m,professor,u washington,m,public
1871,m,assistant professor,u washington,m,public
1872,f,assistant professor,u washington,m,public
1873,f,assistant professor,u washington,m,public
1874,m,assistant professor,u washington,m,public
1875,f,associate professor,u washington,m,public
1876,m,associate professor,u washington,m,public
1877,m,associate professor,u washington,m,public
1878,m,associate professor,u washington,m,public
1879,m,professor,u washington,m,public
1880,m,professor,u washington,m,public
1881,m,professor,u washington,m,public
1882,f,professor,u washington,m,public
1883,m,professor,u washington,m,public
1884,m,professor,u washington,m,public
1885,m,professor,u washington,m,public
1886,m,professor,u washington,m,public
1887,m,assistant professor,u washington,m,public
1888,f,assistant professor,u washington,m,public
1889,m,assistant professor,u washington,m,public
1890,f,assistant professor,u washington,m,public
1891,m,assistant professor,u washington,m,public
1892,f,assistant professor,u washington,m,public
1893,m,associate professor,u washington,m,public
1894,f,associate professor,u washington,m,public
1895,f,associate professor,u washington,m,public
1896,m,associate professor,u washington,m,public
1897,m,associate professor,u washington,m,public
1898,f,professor,u washington,m,public
1899,m,professor,u washington,m,public
1900,m,professor,u washington,m,public
1901,f,professor,u washington,m,public
1902,m,professor,u washington,m,public
1903,m,professor,u washington,m,public
1904,m,professor,u washington,m,public
1905,f,professor,u washington,m,public
1906,f,professor,u washington,m,public
1907,m,professor,u washington,m,public
1908,m,professor,u washington,m,public
1909,m,professor,u washington,m,public
1910,f,professor,u washington,m,public
1911,m,professor,u washington,m,public
1912,f,professor,u washington,m,public
1913,m,professor,u washington,m,public
1914,f,professor,u washington,m,public
1915,m,professor,u washington,m,public
1916,f,assistant professor,u wyoming,m,public
1917,m,assistant professor,u wyoming,m,public
1918,m,assistant professor,u wyoming,m,public
1919,m,assistant professor,u wyoming,m,public
1920,m,associate professor,u wyoming,m,public
1921,m,professor,u wyoming,m,public
1922,m,professor,u wyoming,m,public
1923,m,assistant professor,u wyoming,m,public
1924,f,assistant professor,u wyoming,m,public
1925,m,associate professor,u wyoming,m,public
1926,m,associate professor,u wyoming,m,public
1927,f,associate professor,u wyoming,m,public
1928,m,associate professor,u wyoming,m,public
1929,m,associate professor,u wyoming,m,public
1930,m,associate professor,u wyoming,m,public
1931,m,associate professor,u wyoming,m,public
1932,m,professor,u wyoming,m,public
1933,m,professor,u wyoming,m,public
1934,f,professor,u wyoming,m,public
1935,m,professor,u wyoming,m,public
1936,m,professor,u wyoming,m,public
1937,f,professor,u wyoming,m,public
1938,m,professor,u wyoming,m,public
1939,m,professor,u wyoming,m,public
1940,m,professor,u wyoming,m,public
1941,f,professor,u wyoming,m,public
1942,m,professor,u wyoming,m,public
1943,m,professor,u wyoming,m,public
1944,f,professor,u wyoming,m,public
1945,m,assistant professor,uc davis,m,public
1946,m,assistant professor,uc davis,m,public
1947,f,professor,uc davis,m,public
1948,f,professor,uc davis,m,public
1949,f,professor,uc davis,m,public
1950,m,professor,uc davis,m,public
1951,f,professor,uc davis,m,public
1952,f,professor,uc davis,m,public
1953,m,professor,uc davis,m,public
1954,m,professor,uc davis,m,public
1955,m,professor,uc davis,m,public
1956,m,professor,uc davis,m,public
1957,m,professor,uc davis,m,public
1958,f,professor,uc davis,m,public
1959,f,professor,uc davis,m,public
1960,m,professor,uc davis,m,public
1961,m,professor,uc davis,m,public
1962,m,professor,uc davis,m,public
1963,m,professor,uc davis,m,public
1964,f,assistant professor,uc davis,m,public
1965,m,assistant professor,uc davis,m,public
1966,m,assistant professor,uc davis,m,public
1967,f,assistant professor,uc davis,m,public
1968,f,assistant professor,uc davis,m,public
1969,m,associate professor,uc davis,m,public
1970,m,associate professor,uc davis,m,public
1971,f,associate professor,uc davis,m,public
1972,f,associate professor,uc davis,m,public
1973,m,associate professor,uc davis,m,public
1974,m,associate professor,uc davis,m,public
1975,m,associate professor,uc davis,m,public
1976,f,professor,uc davis,m,public
1977,m,professor,uc davis,m,public
1978,m,professor,uc davis,m,public
1979,m,professor,uc davis,m,public
1980,m,professor,uc davis,m,public
1981,m,professor,uc davis,m,public
1982,m,professor,uc davis,m,public
1983,m,professor,uc davis,m,public
1984,m,professor,uc davis,m,public
1985,m,professor,uc davis,m,public
1986,m,professor,uc davis,m,public
1987,m,professor,uc davis,m,public
1988,f,professor,uc davis,m,public
1989,m,assistant professor,ucla,f,public
1990,m,assistant professor,ucla,f,public
1991,m,assistant professor,ucla,f,public
1992,m,assistant professor,ucla,f,public
1993,m,associate professor,ucla,f,public
1994,m,associate professor,ucla,f,public
1995,f,associate professor,ucla,f,public
1996,m,professor,ucla,f,public
1997,m,professor,ucla,f,public
1998,m,professor,ucla,f,public
1999,f,professor,ucla,f,public
2000,m,professor,ucla,f,public
2001,m,professor,ucla,f,public
2002,m,professor,ucla,f,public
2003,m,professor,ucla,f,public
2004,m,professor,ucla,f,public
2005,m,professor,ucla,f,public
2006,f,professor,ucla,f,public
2007,m,professor,ucla,f,public
2008,f,professor,ucla,f,public
2009,f,assistant professor,ucla,f,public
2010,f,assistant professor,ucla,f,public
2011,f,associate professor,ucla,f,public
2012,m,associate professor,ucla,f,public
2013,m,associate professor,ucla,f,public
2014,f,associate professor,ucla,f,public
2015,f,associate professor,ucla,f,public
2016,f,associate professor,ucla,f,public
2017,m,professor,ucla,f,public
2018,m,professor,ucla,f,public
2019,m,professor,ucla,f,public
2020,m,professor,ucla,f,public
2021,m,professor,ucla,f,public
2022,f,professor,ucla,f,public
2023,f,professor,ucla,f,public
2024,m,professor,ucla,f,public
2025,m,professor,ucla,f,public
2026,m,professor,ucla,f,public
2027,m,professor,ucla,f,public
2028,m,professor,ucla,f,public
2029,m,professor,ucla,f,public
2030,m,professor,ucla,f,public
2031,m,professor,ucla,f,public
2032,m,professor,ucla,f,public
2033,m,professor,ucla,f,public
2034,m,professor,ucla,f,public
2035,f,professor,ucla,f,public
2036,m,professor,ucla,f,public
2037,m,professor,ucla,f,public
2038,m,professor,ucla,f,public
2039,m,assistant professor,ucsb,m,public
2040,f,assistant professor,ucsb,m,public
2041,f,assistant professor,ucsb,m,public
2042,m,associate professor,ucsb,m,public
2043,m,associate professor,ucsb,m,public
2044,m,professor,ucsb,m,public
2045,m,professor,ucsb,m,public
2046,m,professor,ucsb,m,public
2047,m,professor,ucsb,m,public
2048,m,professor,ucsb,m,public
2049,m,professor,ucsb,m,public
2050,m,professor,ucsb,m,public
2051,m,professor,ucsb,m,public
2052,m,professor,ucsb,m,public
2053,f,professor,ucsb,m,public
2054,m,professor,ucsb,m,public
2055,f,professor,ucsb,m,public
2056,f,professor,ucsb,m,public
2057,m,professor,ucsb,m,public
2058,m,professor,ucsb,m,public
2059,m,professor,ucsb,m,public
2060,m,professor,ucsb,m,public
2061,m,professor,ucsb,m,public
2062,f,assistant professor,ucsb,m,public
2063,f,assistant professor,ucsb,m,public
2064,m,assistant professor,ucsb,m,public
2065,m,assistant professor,ucsb,m,public
2066,f,assistant professor,ucsb,m,public
2067,m,assistant professor,ucsb,m,public
2068,m,assistant professor,ucsb,m,public
2069,f,assistant professor,ucsb,m,public
2070,f,associate professor,ucsb,m,public
2071,m,associate professor,ucsb,m,public
2072,f,professor,ucsb,m,public
2073,m,professor,ucsb,m,public
2074,m,professor,ucsb,m,public
2075,m,professor,ucsb,m,public
2076,m,professor,ucsb,m,public
2077,m,professor,ucsb,m,public
2078,f,professor,ucsb,m,public
2079,m,professor,ucsb,m,public
2080,m,professor,ucsb,m,public
2081,m,professor,ucsb,m,public
2082,m,professor,ucsb,m,public
2083,m,professor,ucsb,m,public
2084,m,professor,ucsb,m,public
2085,m,professor,ucsb,m,public
2086,m,professor,ucsb,m,public
2087,m,professor,ucsb,m,public
2088,m,assistant professor,ucsc,m,public
2089,f,assistant professor,ucsc,m,public
2090,m,assistant professor,ucsc,m,public
2091,m,assistant professor,ucsc,m,public
2092,f,assistant professor,ucsc,m,public
2093,m,assistant professor,ucsc,m,public
2094,f,assistant professor,ucsc,m,public
2095,m,associate professor,ucsc,m,public
2096,f,professor,ucsc,m,public
2097,m,professor,ucsc,m,public
2098,m,professor,ucsc,m,public
2099,m,professor,ucsc,m,public
2100,m,professor,ucsc,m,public
2101,m,professor,ucsc,m,public
2102,f,professor,ucsc,m,public
2103,m,professor,ucsc,m,public
2104,m,professor,ucsc,m,public
2105,m,professor,ucsc,m,public
2106,f,professor,ucsc,m,public
2107,m,professor,ucsc,m,public
2108,m,professor,ucsc,m,public
2109,m,professor,ucsc,m,public
2110,m,associate professor,ucsd,f,public
2111,f,assistant professor,ucsd,f,public
2112,m,assistant professor,ucsd,f,public
2113,m,assistant professor,ucsd,f,public
2114,m,assistant professor,ucsd,f,public
2115,m,assistant professor,ucsd,f,public
2116,f,assistant professor,ucsd,f,public
2117,f,assistant professor,ucsd,f,public
2118,f,assistant professor,ucsd,f,public
2119,f,assistant professor,ucsd,f,public
2120,f,assistant professor,ucsd,f,public
2121,m,assistant professor,ucsd,f,public
2122,f,assistant professor,ucsd,f,public
2123,f,assistant professor,ucsd,f,public
2124,m,assistant professor,ucsd,f,public
2125,m,assistant professor,ucsd,f,public
2126,f,assistant professor,ucsd,f,public
2127,m,assistant professor,ucsd,f,public
2128,m,assistant professor,ucsd,f,public
2129,f,assistant professor,ucsd,f,public
2130,f,assistant professor,ucsd,f,public
2131,f,assistant professor,ucsd,f,public
2132,f,assistant professor,ucsd,f,public
2133,f,assistant professor,ucsd,f,public
2134,f,assistant professor,ucsd,f,public
2135,m,associate professor,ucsd,f,public
2136,m,associate professor,ucsd,f,public
2137,m,associate professor,ucsd,f,public
2138,m,associate professor,ucsd,f,public
2139,m,associate professor,ucsd,f,public
2140,m,associate professor,ucsd,f,public
2141,m,associate professor,ucsd,f,public
2142,m,associate professor,ucsd,f,public
2143,m,professor,ucsd,f,public
2144,m,professor,ucsd,f,public
2145,m,professor,ucsd,f,public
2146,m,professor,ucsd,f,public
2147,f,professor,ucsd,f,public
2148,m,professor,ucsd,f,public
2149,m,professor,ucsd,f,public
2150,f,professor,ucsd,f,public
2151,m,professor,ucsd,f,public
2152,m,professor,ucsd,f,public
2153,m,professor,ucsd,f,public
2154,m,professor,ucsd,f,public
2155,m,professor,ucsd,f,public
2156,f,professor,ucsd,f,public
2157,m,professor,ucsd,f,public
2158,f,professor,ucsd,f,public
2159,m,professor,ucsd,f,public
2160,m,professor,ucsd,f,public
2161,m,professor,ucsd,f,public
2162,m,professor,ucsd,f,public
2163,m,professor,ucsd,f,public
2164,m,professor,ucsd,f,public
2165,m,professor,ucsd,f,public
2166,m,professor,ucsd,f,public
2167,f,professor,ucsd,f,public
2168,f,professor,ucsd,f,public
2169,m,professor,ucsd,f,public
2170,m,professor,ucsd,f,public
2171,m,professor,ucsd,f,public
2172,m,professor,ucsd,f,public
2173,f,professor,ucsd,f,public
2174,f,professor,ucsd,f,public
2175,m,professor,ucsd,f,public
2176,m,professor,ucsd,f,public
2177,m,professor,ucsd,f,public
2178,m,professor,ucsd,f,public
2179,m,professor,ucsd,f,public
2180,m,professor,ucsd,f,public
2181,m,professor,ucsd,f,public
2182,m,professor,ucsd,f,public
2183,f,professor,ucsd,f,public
2184,m,professor,ucsd,f,public
2185,m,professor,ucsd,f,public
2186,m,professor,ucsd,f,public
2187,m,professor,ucsd,f,public
2188,f,professor,ucsd,f,public
2189,f,professor,ucsd,f,public
2190,m,professor,ucsd,f,public
2191,m,professor,ucsd,f,public
2192,f,professor,ucsd,f,public
2193,m,professor,ucsd,f,public
2194,m,professor,ucsd,f,public
2195,m,professor,ucsd,f,public
2196,m,professor,ucsd,f,public
2197,m,professor,ucsd,f,public
2198,m,professor,ucsd,f,public
2199,m,professor,ucsd,f,public
2200,m,professor,ucsd,f,public
2201,m,professor,ucsd,f,public
2202,m,professor,ucsd,f,public
2203,f,professor,ucsd,f,public
2204,m,professor,ucsd,f,public
2205,m,professor,ucsd,f,public
2206,m,professor,ucsd,f,public
2207,m,professor,ucsd,f,public
2208,f,professor,ucsd,f,public
2209,m,professor,ucsd,f,public
2210,m,professor,ucsd,f,public
2211,m,professor,ucsd,f,public
2212,m,professor,ucsd,f,public
2213,m,professor,ucsd,f,public
2214,f,professor,ucsd,f,public
2215,m,professor,ucsd,f,public
2216,f,professor,ucsd,f,public
2217,m,professor,ucsd,f,public
2218,f,professor,ucsd,f,public
2219,f,professor,ucsd,f,public
2220,m,professor,ucsd,f,public
2221,m,professor,ucsd,f,public
2222,m,professor,ucsd,f,public
2223,f,assistant professor,uiuc,m,public
2224,m,assistant professor,uiuc,m,public
2225,f,associate professor,uiuc,m,public
2226,m,associate professor,uiuc,m,public
2227,m,professor,uiuc,m,public
2228,m,professor,uiuc,m,public
2229,f,professor,uiuc,m,public
2230,m,professor,uiuc,m,public
2231,m,professor,uiuc,m,public
2232,f,professor,uiuc,m,public
2233,m,professor,uiuc,m,public
2234,f,professor,uiuc,m,public
2235,m,professor,uiuc,m,public
2236,m,assistant professor,uiuc,m,public
2237,m,assistant professor,uiuc,m,public
2238,m,assistant professor,uiuc,m,public
2239,f,assistant professor,uiuc,m,public
2240,m,assistant professor,uiuc,m,public
2241,m,associate professor,uiuc,m,public
2242,f,professor,uiuc,m,public
2243,f,professor,uiuc,m,public
2244,m,professor,uiuc,m,public
2245,m,professor,uiuc,m,public
2246,m,professor,uiuc,m,public
2247,m,professor,uiuc,m,public
2248,f,assistant professor,uiuc,m,public
2249,m,assistant professor,uiuc,m,public
2250,m,associate professor,uiuc,m,public
2251,f,associate professor,uiuc,m,public
2252,f,associate professor,uiuc,m,public
2253,f,associate professor,uiuc,m,public
2254,m,associate professor,uiuc,m,public
2255,f,associate professor,uiuc,m,public
2256,m,professor,uiuc,m,public
2257,m,professor,uiuc,m,public
2258,m,professor,uiuc,m,public
2259,m,professor,uiuc,m,public
2260,m,professor,uiuc,m,public
2261,m,professor,uiuc,m,public
2262,m,professor,uiuc,m,public
2263,m,professor,uiuc,m,public
2264,f,associate professor,umd,m,public
2265,m,assistant professor,umd,m,public
2266,m,assistant professor,umd,m,public
2267,m,assistant professor,umd,m,public
2268,f,associate professor,umd,m,public
2269,m,professor,umd,m,public
2270,m,professor,umd,m,public
2271,f,professor,umd,m,public
2272,m,professor,umd,m,public
2273,m,professor,umd,m,public
2274,m,professor,umd,m,public
2275,m,professor,umd,m,public
2276,f,professor,umd,m,public
2277,m,professor,umd,m,public
2278,m,professor,umd,m,public
2279,m,professor,umd,m,public
2280,m,assistant professor,umd,m,public
2281,f,assistant professor,umd,m,public
2282,m,associate professor,umd,m,public
2283,m,associate professor,umd,m,public
2284,f,associate professor,umd,m,public
2285,m,associate professor,umd,m,public
2286,m,professor,umd,m,public
2287,m,professor,umd,m,public
2288,m,professor,umd,m,public
2289,m,professor,umd,m,public
2290,m,professor,umd,m,public
2291,m,professor,umd,m,public
2292,m,professor,umd,m,public
2293,m,professor,umd,m,public
2294,f,professor,umd,m,public
2295,m,professor,umd,m,public
2296,f,professor,umd,m,public
2297,m,assistant professor,unc chapel hill,f,public
2298,f,assistant professor,unc chapel hill,f,public
2299,m,associate professor,unc chapel hill,f,public
2300,m,associate professor,unc chapel hill,f,public
2301,f,associate professor,unc chapel hill,f,public
2302,m,associate professor,unc chapel hill,f,public
2303,f,associate professor,unc chapel hill,f,public
2304,m,associate professor,unc chapel hill,f,public
2305,f,associate professor,unc chapel hill,f,public
2306,m,associate professor,unc chapel hill,f,public
2307,f,associate professor,unc chapel hill,f,public
2308,f,associate professor,unc chapel hill,f,public
2309,m,professor,unc chapel hill,f,public
2310,f,professor,unc chapel hill,f,public
2311,m,professor,unc chapel hill,f,public
2312,m,professor,unc chapel hill,f,public
2313,f,professor,unc chapel hill,f,public
2314,m,professor,unc chapel hill,f,public
2315,m,professor,unc chapel hill,f,public
2316,f,professor,unc chapel hill,f,public
2317,m,professor,unc chapel hill,f,public
2318,f,assistant professor,unc chapel hill,f,public
2319,f,assistant professor,unc chapel hill,f,public
2320,f,associate professor,unc chapel hill,f,public
2321,m,associate professor,unc chapel hill,f,public
2322,m,professor,unc chapel hill,f,public
2323,m,professor,unc chapel hill,f,public
2324,m,professor,unc chapel hill,f,public
2325,m,professor,unc chapel hill,f,public
2326,f,professor,unc chapel hill,f,public
2327,m,professor,usc,m,public
2329,m,assistant professor,usc,m,public
2330,f,assistant professor,usc,m,public
2331,m,assistant professor,usc,m,public
2332,f,assistant professor,usc,m,public
2333,m,associate professor,usc,m,public
2334,f,associate professor,usc,m,public
2335,m,associate professor,usc,m,public
2336,m,professor,usc,m,public
2337,m,professor,usc,m,public
2338,m,professor,usc,m,public
2339,m,professor,usc,m,public
2340,m,professor,usc,m,public
2341,m,professor,usc,m,public
2342,m,professor,usc,m,public
2343,f,professor,usc,m,public
2344,m,professor,usc,m,public
2345,m,professor,usc,m,public
2346,m,professor,usc,m,public
2347,m,professor,usc,m,public
2348,m,professor,usc,m,public
2349,m,professor,usc,m,public
2350,m,professor,ut,m,public
2351,m,assistant professor,ut,m,public
2352,f,assistant professor,ut,m,public
2353,f,assistant professor,ut,m,public
2354,f,assistant professor,ut,m,public
2355,f,assistant professor,ut,m,public
2356,m,assistant professor,ut,m,public
2357,m,assistant professor,ut,m,public
2358,m,associate professor,ut,m,public
2359,m,associate professor,ut,m,public
2360,f,associate professor,ut,m,public
2361,m,associate professor,ut,m,public
2362,m,associate professor,ut,m,public
2363,m,associate professor,ut,m,public
2364,m,associate professor,ut,m,public
2365,m,associate professor,ut,m,public
2366,m,associate professor,ut,m,public
2367,m,associate professor,ut,m,public
2368,m,professor,ut,m,public
2369,m,professor,ut,m,public
2370,m,professor,ut,m,public
2371,m,professor,ut,m,public
2372,m,professor,ut,m,public
2373,f,professor,ut,m,public
2374,f,professor,ut,m,public
2375,m,professor,ut,m,public
2376,m,professor,ut,m,public
2377,m,professor,ut,m,public
2378,m,professor,ut,m,public
2379,m,professor,ut,m,public
2380,m,professor,ut,m,public
2381,m,professor,ut,m,public
2382,m,professor,ut,m,public
2383,m,professor,ut,m,public
2384,m,professor,ut,m,public
2385,m,professor,ut,m,public
2386,m,professor,ut,m,public
2387,m,professor,ut,m,public
2388,m,professor,ut,m,public
2389,m,professor,ut,m,public
2390,f,professor,ut,m,public
2391,m,professor,ut,m,public
2392,m,professor,ut,m,public
2393,m,professor,ut,m,public
2394,m,professor,ut,m,public
2395,m,professor,ut,m,public
2396,m,professor,ut,m,public
2397,m,professor,ut,m,public
2398,m,professor,ut,m,public
2399,m,assistant professor,ut dallas,m,public
2400,m,associate professor,ut dallas,m,public
2401,m,professor,ut dallas,m,public
2402,m,professor,ut dallas,m,public
2403,m,professor,ut dallas,m,public
2404,m,professor,ut dallas,m,public
2405,m,professor,ut dallas,m,public
2406,m,professor,uw madison,m,public
2407,f,professor,uw madison,m,public
2408,f,assistant professor,uw madison,m,public
2409,f,assistant professor,uw madison,m,public
2410,f,assistant professor,uw madison,m,public
2411,f,associate professor,uw madison,m,public
2412,m,professor,uw madison,m,public
2413,m,professor,uw madison,m,public
2414,m,professor,uw madison,m,public
2415,m,professor,uw madison,m,public
2416,m,professor,uw madison,m,public
2417,m,professor,uw madison,m,public
2418,m,professor,uw madison,m,public
2419,m,professor,uw madison,m,public
2420,m,professor,uw madison,m,public
2421,f,assistant professor,uw madison,m,public
2422,f,assistant professor,uw madison,m,public
2423,m,assistant professor,uw madison,m,public
2424,m,assistant professor,uw madison,m,public
2425,m,assistant professor,uw madison,m,public
2426,m,assistant professor,uw madison,m,public
2427,m,associate professor,uw madison,m,public
2428,m,professor,uw madison,m,public
2429,m,professor,uw madison,m,public
2430,f,professor,uw madison,m,public
2431,m,professor,uw madison,m,public
2432,f,professor,uw madison,m,public
2433,m,professor,uw madison,m,public
2434,m,professor,uw madison,m,public
2435,m,professor,uw madison,m,public
2436,m,professor,uw madison,m,public
2437,m,professor,uw madison,m,public
2438,m,professor,uw madison,m,public
2439,m,professor,uw madison,m,public
2440,m,professor,uw madison,m,public
2441,f,assistant professor,virginia polytechnic,m,public
2442,m,assistant professor,virginia polytechnic,m,public
2443,f,assistant professor,virginia polytechnic,m,public
2444,m,associate professor,virginia polytechnic,m,public
2445,m,associate professor,virginia polytechnic,m,public
2446,m,associate professor,virginia polytechnic,m,public
2447,f,associate professor,virginia polytechnic,m,public
2448,f,associate professor,virginia polytechnic,m,public
2449,m,associate professor,virginia polytechnic,m,public
2450,m,associate professor,virginia polytechnic,m,public
2451,f,associate professor,virginia polytechnic,m,public
2452,m,associate professor,virginia polytechnic,m,public
2453,m,professor,virginia polytechnic,m,public
2454,m,professor,virginia polytechnic,m,public
2455,m,professor,virginia polytechnic,m,public
2456,f,assistant professor,virginia polytechnic,m,public
2457,f,assistant professor,virginia polytechnic,m,public
2458,m,assistant professor,virginia polytechnic,m,public
2459,f,assistant professor,virginia polytechnic,m,public
2460,f,assistant professor,virginia polytechnic,m,public
2461,m,associate professor,virginia polytechnic,m,public
2462,m,associate professor,virginia polytechnic,m,public
2463,m,associate professor,virginia polytechnic,m,public
2464,m,associate professor,virginia polytechnic,m,public
2465,m,associate professor,virginia polytechnic,m,public
2466,f,associate professor,virginia polytechnic,m,public
2467,m,professor,virginia polytechnic,m,public
2468,m,professor,virginia polytechnic,m,public
2469,f,professor,virginia polytechnic,m,public
2470,m,professor,virginia polytechnic,m,public
2471,m,professor,virginia polytechnic,m,public
2472,m,professor,virginia polytechnic,m,public
2473,m,professor,virginia polytechnic,m,public
2474,m,professor,virginia polytechnic,m,public
2475,m,professor,virginia polytechnic,m,public
2476,m,professor,virginia polytechnic,m,public
2477,f,professor,virginia polytechnic,m,public
2478,m,professor,virginia polytechnic,m,public
2479,m,professor,virginia polytechnic,m,public
2480,m,professor,virginia polytechnic,m,public
2481,m,assistant professor,william & mary,m,public
2482,m,associate professor,william & mary,m,public
2483,m,professor,william & mary,m,public
2484,m,professor,william & mary,m,public
2485,m,professor,william & mary,m,public
2486,f,professor,william & mary,m,public
2487,m,professor,william & mary,m,public
2489,m,professor,yale,m,private
2490,m,assistant professor,yale,m,private
2491,f,assistant professor,yale,m,private
2492,m,assistant professor,yale,m,private
2493,m,assistant professor,yale,m,private
2494,m,assistant professor,yale,m,private
2495,f,assistant professor,yale,m,private
2496,m,professor,yale,m,private
2497,m,professor,yale,m,private
2498,f,professor,yale,m,private
2499,m,professor,yale,m,private
2500,m,professor,yale,m,private
2501,m,professor,yale,m,private
2502,m,professor,yale,m,private
2503,m,professor,yale,m,private
2504,m,professor,yale,m,private
2505,m,professor,yale,m,private
2506,m,professor,yale,m,private
2507,f,professor,yale,m,private
2508,m,professor,yale,m,private
2509,m,professor,yale,m,private
2510,m,professor,yale,m,private
2511,m,professor,yale,m,private
2512,m,professor,yale,m,private
2513,f,professor,yale,m,private
